	10x_cell_calling	G2M_score	S_score	barcode_rank	chemistry_10x	disease_status	empty_drops_FDR	ind_id	lesional	log10_n_genes	log10_n_umis	mito_cutoff_	mt_frac	n_counts	n_genes	n_umis	neg_log10_empty_drops_FDR	phase	predicted_cell_types	sample_name	scrublet	scrublet_score	sex	disease_lesional	batch	leiden	Cell type	Cell type granular	ind_sample	channel	barcode	subject_id	global_disease_assessment	ad_family_history	sex_clinical	ethnicity_race	smoking	asthma	other_condition	systemic_corticosteroids	topical_corticosteroids	dupilumab	dupilumab_indication	dupilumab_other_indication	location	side	Disease score (MADAD Immune)	Disease score (MADAD Full)	Disease score (MADAD Union)	Cell type new cornified	ind_disease_lesional	Cell states with PathT	Cell type granular v2	Cell states with PathT v2	Compartment	condition	n_genes_by_counts	log1p_n_genes_by_counts	total_counts	log1p_total_counts	pct_counts_in_top_50_genes	pct_counts_in_top_100_genes	pct_counts_in_top_200_genes	pct_counts_in_top_500_genes	total_counts_mt	log1p_total_counts_mt	pct_counts_mt	score_Tcell	score_CD4	score_CD8	score_TRMcore	score_Circ	lineage	IL22_high
AGAATAGCACTTACGA-1-BCH01-NL1	True	-0.05395271	-0.027792288	6579.5	v2	AD	0.0	BCH01	No	2.6424645202421213	3.0132587	0.1	0.009699321	1021.0	439	1031.0	4.0	G1	Th1 cells	101818NL1-NL1	False	0.06711979609175871	male	Non-lesional	NL	5	T/NK	T cells FOS hi	BCH01101818NL1-NL1	BCH01-NL1	AGAATAGCACTTACGA	BCH01	2 - Mild	nan	Male	Caucasion	nan	nan	nan	nan	nan	nan	nan	nan	antecubital fossa	Left	0.10251202	0.011953253	0.020689331	T/NK	BCH01Non-lesional	T cells FOS hi	T FOS hi	T FOS hi	Immune	NL	357	5.8805329864007	1125.3927	7.0267754	18.43480311411036	32.463100369468144	58.74211617973712	100.00023863247107	0.0	0.0	0.0	1.5360421435038247	0.0	-0.077827787399292	0.3109860324859619	-0.11400781631469727	CD4-like	False
AGCAGCCTCTGTCAAG-1-BCH01-NL1	True	-0.058431435	0.2812348	2438.5	v2	AD	0.0	BCH01	No	3.111598524880394	3.4858632	0.1	0.0075138845	3038.0	1293	3061.0	4.0	S	Th1 cells	101818NL1-NL1	False	0.10497237569060776	male	Non-lesional	NL	5	T/NK	Proliferating CD4 Tregs	BCH01101818NL1-NL1	BCH01-NL1	AGCAGCCTCTGTCAAG	BCH01	2 - Mild	nan	Male	Caucasion	nan	nan	nan	nan	nan	nan	nan	nan	antecubital fossa	Left	0.21452358	0.018424898	0.032771125	T/NK	BCH01Non-lesional	Proliferating CD4 Tregs	Treg cycling	Treg cycling	Immune	NL	1202	7.0925737159746784	2363.2266	7.768206	7.857900749633025	13.93689391199387	24.393962356465313	48.82587486542857	0.0	0.0	0.0	1.0836880175272623	-0.20644525527954102	-0.2298858642578125	0.49579326629638676	-0.28449134826660155	CD4-like	False
CCGGTAGAGAAGGGTA-1-BCH01-NL1	True	-0.0035049878	-0.03616608	7069.5	v2	AD	0.0	BCH01	No	2.5943925503754266	2.9415114	0.1	0.061784897	820.0	393	874.0	4.0	G1	Th1 cells	101818NL1-NL1	False	0.07282415630550623	male	Non-lesional	NL	5	T/NK	CD8 Effector IFNg low	BCH01101818NL1-NL1	BCH01-NL1	CCGGTAGAGAAGGGTA	BCH01	2 - Mild	nan	Male	Caucasion	nan	nan	nan	nan	nan	nan	nan	nan	antecubital fossa	Left	0.19515046	0.003175661	0.019144133	T/NK	BCH01Non-lesional	CD8 Effector IFNg low	CD8+ CTL	CD8+ CTL	Immune	NL	313	5.749392985908253	1033.7883	6.941952	20.079622125162494	35.5890273726461	65.82899809807384	100.00015350493689	0.0	0.0	0.0	2.2214690907796224	0.0	2.5282501554489136	0.39769577026367187	-0.23718709945678712	CD8-like	False
CGAATGTAGGATTCGG-1-BCH01-NL1	True	-0.059455115	0.027260361	6072.5	v2	AD	0.0	BCH01	No	2.7041505168397992	3.0784569	0.1	0.014190317	1181.0	506	1198.0	4.0	S	Th1 cells	101818NL1-NL1	False	0.016194331983805668	male	Non-lesional	NL	5	T/NK	T cells FOS hi	BCH01101818NL1-NL1	BCH01-NL1	CGAATGTAGGATTCGG	BCH01	2 - Mild	nan	Male	Caucasion	nan	nan	nan	nan	nan	nan	nan	nan	antecubital fossa	Left	0.1543827	0.009488847	0.026101269	T/NK	BCH01Non-lesional	T cells FOS hi	T FOS hi	T FOS hi	Immune	NL	424	6.052089168924417	1229.8865	7.11549	16.855822792360932	29.8244408627156	51.4836416792942	100.00012902958142	0.0	0.0	0.0	2.1149779001871742	-0.06743563652038574	0.982667088508606	0.23207547187805175	-0.23175710678100586	CD8-like	False
CGATTGAGTTCACGGC-1-BCH01-NL1	True	-0.043114066	-0.017597608	7037.5	v2	AD	0.0	BCH01	No	2.630427875025024	2.9464524	0.1	0.0	884.0	427	884.0	4.0	G1	Th1 cells	101818NL1-NL1	False	0.014306857424765665	male	Non-lesional	NL	5	T/NK	T cells FOS hi	BCH01101818NL1-NL1	BCH01-NL1	CGATTGAGTTCACGGC	BCH01	2 - Mild	nan	Male	Caucasion	nan	nan	nan	nan	nan	nan	nan	nan	antecubital fossa	Left	0.33495846	0.03032871	0.04539472	T/NK	BCH01Non-lesional	Pathological T cells	T FOS hi	Pathological T cells	Immune	NL	354	5.872117789475416	1113.5144	7.016174	18.626062812071464	32.46031614654345	59.05072063314817	99.99993422429449	0.0	0.0	0.0	0.47115633010864255	1.2301900720596313	-0.10042367935180664	0.5932099628448486	-0.18526912689208985	CD4-like	False
CGGACGTAGTGCGATG-1-BCH01-NL1	True	0.038203627	0.0	8238.5	v2	AD	0.00011972978350441554	BCH01	No	2.4955443375464483	2.7596679	0.1	0.027826088	559.0	313	575.0	3.9217978027875753	G2M	Th1 cells	101818NL1-NL1	False	0.0273097036606624	male	Non-lesional	NL	5	T/NK	T cells FOS hi	BCH01101818NL1-NL1	BCH01-NL1	CGGACGTAGTGCGATG	BCH01	2 - Mild	nan	Male	Caucasion	nan	nan	nan	nan	nan	nan	nan	nan	antecubital fossa	Left	0.090702884	0.009490229	0.01850301	T/NK	BCH01Non-lesional	Pathological T cells	T FOS hi	Pathological T cells	Immune	NL	235	5.4638318050256105	844.732	6.7402024	24.581087356414688	44.96451872480558	85.73140675039092	99.9998193656889	0.0	0.0	0.0	1.8152064577738443	-0.02938584327697754	1.469292163848877	0.3954959869384766	-0.14427860260009764	CD8-like	False
GAAACTCTCAGCAACT-1-BCH01-NL1	True	-0.04919293	-0.022573357	6737.5	v2	AD	0.0	BCH01	No	2.6138418218760693	2.992995	0.1	0.0030487804	981.0	411	984.0	4.0	G1	Th1 cells	101818NL1-NL1	False	0.09623430962343096	male	Non-lesional	NL	5	T/NK	CD8 Effector IFNg low	BCH01101818NL1-NL1	BCH01-NL1	GAAACTCTCAGCAACT	BCH01	2 - Mild	nan	Male	Caucasion	nan	nan	nan	nan	nan	nan	nan	nan	antecubital fossa	Left	0.20528358	0.075987175	0.09560081	T/NK	BCH01Non-lesional	CD8 Effector IFNg low	CD8+ CTL	CD8+ CTL	Immune	NL	332	5.808142489980444	1022.8466	6.931322	20.154866312713235	34.686026198919045	62.8385951459946	99.99999403281653	0.0	0.0	0.0	2.175337689717611	0.0	1.111060652732849	0.295983476638794	-0.1496953296661377	CD8-like	False
GCGCAGTCAACTGGCC-1-BCH01-NL1	True	-0.07645562	-0.03999804	6806.0	v2	AD	0.0	BCH01	No	2.72916478969277	2.9813654	0.1	0.009394572	949.0	536	958.0	4.0	G1	NK_cell:IL2	101818NL1-NL1	False	0.1219512195121951	male	Non-lesional	NL	5	T/NK	NK (MB+)	BCH01101818NL1-NL1	BCH01-NL1	GCGCAGTCAACTGGCC	BCH01	2 - Mild	nan	Male	Caucasion	nan	nan	nan	nan	nan	nan	nan	nan	antecubital fossa	Left	-0.07597663	0.03685715	0.032900523	T/NK	BCH01Non-lesional	NK (MB+)	ILC	ILC	Immune	NL	452	6.115892125483034	1347.7202	7.2069116	14.662167462055864	25.922849376391866	46.96752603843284	100.00026266909663	0.0	0.0	0.0	-0.03490954399108892	-0.07985626220703125	-0.09782378196716308	0.3496277332305908	-0.23757688522338868	CD4-like	False
GGCGACTAGCCAGGAT-1-BCH01-NL1	True	-0.003010407	-0.028156124	8506.5	v2	AD	0.00011972978350441554	BCH01	No	2.5599066250361124	2.7168376	0.1	0.007677543	517.0	363	521.0	3.9217978027875753	G1	NK_cell:IL2	101818NL1-NL1	False	0.17535545023696675	male	Non-lesional	NL	5	T/NK	NK (MB+)	BCH01101818NL1-NL1	BCH01-NL1	GGCGACTAGCCAGGAT	BCH01	2 - Mild	nan	Male	Caucasion	nan	nan	nan	nan	nan	nan	nan	nan	antecubital fossa	Left	0.16480571	0.039186202	0.062345803	T/NK	BCH01Non-lesional	NK (MB+)	ILC	ILC	Immune	NL	304	5.720311776607412	1029.0902	6.937402	20.28481209732281	35.976807454543405	67.3608218929468	100.00020165367877	0.0	0.0	0.0	0.6159800275166829	-0.030127053260803224	-0.1964554786682129	0.5089352989196777	-0.10239021301269531	CD4-like	False
GTCTTCGTCTACTTAC-1-BCH01-NL1	True	-0.005202364	0.0380862	6158.0	v2	AD	0.0	BCH01	No	2.733999286538387	3.065953	0.1	0.0068728523	1156.0	542	1164.0	4.0	S	Th1 cells	101818NL1-NL1	False	0.013100436681222708	male	Non-lesional	NL	5	T/NK	T cells FOS hi	BCH01101818NL1-NL1	BCH01-NL1	GTCTTCGTCTACTTAC	BCH01	2 - Mild	nan	Male	Caucasion	nan	nan	nan	nan	nan	nan	nan	nan	antecubital fossa	Left	0.09312103	0.04790347	0.055920914	T/NK	BCH01Non-lesional	T cells FOS hi	T FOS hi	T FOS hi	Immune	NL	460	6.133398042996649	1324.6327	7.1896453	15.227831284353805	26.919168536314793	47.2193035048507	99.99962216919485	0.0	0.0	0.0	1.3754317792256674	-0.11335058212280273	1.0201552391052247	0.2774042510986328	-0.1909429359436035	CD8-like	False
GTGCATACATGTCCTC-1-BCH01-NL1	True	-0.0568658	-0.043375097	7132.5	v2	AD	0.0	BCH01	No	2.651278013998144	2.931966	0.1	0.01871345	839.0	448	855.0	4.0	G1	Th1 cells	101818NL1-NL1	False	0.047210300429184546	male	Non-lesional	NL	5	T/NK	T cells FOS hi	BCH01101818NL1-NL1	BCH01-NL1	GTGCATACATGTCCTC	BCH01	2 - Mild	nan	Male	Caucasion	nan	nan	nan	nan	nan	nan	nan	nan	antecubital fossa	Left	0.22699955	0.017333217	0.024540082	T/NK	BCH01Non-lesional	T cells FOS hi	T FOS hi	T FOS hi	Immune	NL	370	5.916202062607435	1151.566	7.049746	17.89468354728264	31.455508971581537	56.84237261598702	100.00003180115039	0.0	0.0	0.0	1.3899169476826985	0.0	-0.17910865783691407	0.3206389427185059	-0.17246461868286134	CD4-like	False
TATGCCCCACCAGGTC-1-BCH01-NL1	True	-0.054677673	0.03592388	5644.0	v2	AD	0.0	BCH01	No	2.7641761323903307	3.12969	0.1	0.008902078	1336.0	581	1348.0	4.0	S	NK_cell:IL2	101818NL1-NL1	False	0.0273097036606624	male	Non-lesional	NL	5	T/NK	T cells FOS hi	BCH01101818NL1-NL1	BCH01-NL1	TATGCCCCACCAGGTC	BCH01	2 - Mild	nan	Male	Caucasion	nan	nan	nan	nan	nan	nan	nan	nan	antecubital fossa	Left	0.11226528	0.03306392	0.03877356	T/NK	BCH01Non-lesional	T cells FOS hi	T FOS hi	T FOS hi	Immune	NL	494	6.20455776256869	1376.3257	7.227899	15.000767418424818	26.243559317253485	44.96357988699414	100.00047894359942	0.0	0.0	0.0	0.6405212656656902	-0.06414910316467286	0.9836196184158326	0.26504050254821776	-0.1933598518371582	CD8-like	False
TCCCGATTCCGCAGTG-1-BCH01-NL1	True	-0.048112083	-0.023352725	5092.5	v2	AD	0.0	BCH01	No	2.824125833916549	3.198657	0.1	0.008227848	1567.0	667	1580.0	4.0	G1	Th1 cells	101818NL1-NL1	False	0.0308529945553539	male	Non-lesional	NL	5	T/NK	T cells FOS hi	BCH01101818NL1-NL1	BCH01-NL1	TCCCGATTCCGCAGTG	BCH01	2 - Mild	nan	Male	Caucasion	nan	nan	nan	nan	nan	nan	nan	nan	antecubital fossa	Left	0.10212201	0.02825261	0.035959627	T/NK	BCH01Non-lesional	T cells FOS hi	T FOS hi	T FOS hi	Immune	NL	577	6.359573868672378	1527.7568	7.33221	13.080064562415489	23.407005775556396	40.60248186803849	87.86888656800208	0.0	0.0	0.0	1.109099833170573	-0.09994966506958008	-0.15991945266723634	0.6874753379821777	-0.22076705932617188	CD4-like	False
TCTGAGAAGCTGAAAT-1-BCH01-NL1	True	-0.10249632	0.16875409	5390.0	v2	AD	0.0	BCH01	No	2.782472624166286	3.1631613	0.1	0.010989011	1440.0	606	1456.0	4.0	S	NK_cell:IL2	101818NL1-NL1	False	0.0835734870317003	male	Non-lesional	NL	5	T/NK	NK (MB+)	BCH01101818NL1-NL1	BCH01-NL1	TCTGAGAAGCTGAAAT	BCH01	2 - Mild	nan	Male	Caucasion	nan	nan	nan	nan	nan	nan	nan	nan	antecubital fossa	Left	0.044526435	0.018461488	0.03193201	T/NK	BCH01Non-lesional	NK (MB+)	ILC	ILC	Immune	NL	523	6.261491684321042	1436.1956	7.270449	14.369830312581728	25.404707845647284	43.03945683163061	95.9439077786029	0.0	0.0	0.0	-0.045106986363728896	-0.08918033599853516	-0.10362363815307617	0.2042947483062744	-0.17958421707153321	CD4-like	False
GTACTTTCATGACGGA-1-BCH01-L1	True	-0.13827279	-0.17299408	4820.0	v2	AD	0.0	BCH01	Yes	3.0038911662369108	3.289589	0.1	0.006673511	1935.0	1009	1948.0	4.0	G1	iPS_cells:adipose_stem_cells	101818L1-L1	False	0.4107142857142854	male	Lesional	L	4	Fibroblasts	Fibroblast PTN hi CPE hi	BCH01101818L1-L1	BCH01-L1	GTACTTTCATGACGGA	BCH01	2 - Mild	nan	Male	Caucasion	nan	nan	nan	nan	nan	nan	nan	nan	antecubital fossa	Left	-0.04935277	-0.0021055117	0.001499109	Fibroblasts	BCH01Lesional	Fibroblast PTN hi CPE hi	FB CPE+	FB CPE+	Stromal	L	922	6.827629234502852	2080.4841	7.6408362	9.235231578564447	16.23844864833784	28.599360106457254	58.266819061387764	0.0	0.0	0.0	0.004360014597574846	-0.43303531646728516	-0.25471153259277346	0.9733013229753504	-0.2860691833496094	CD8-like	False
GTCATTTAGGATGGTC-1-BCH01-L1	True	-0.017685562	0.06638514	8029.5	v2	AD	0.0001095853024085022	BCH01	Yes	2.60959440922522	2.813581	0.1	0.023041476	636.0	407	651.0	3.9602476895643823	S	Smooth_muscle_cells:bronchial:vit_D	101818L1-L1	False	0.06366459627329192	male	Lesional	L	14	Fibroblasts	Fibroblast COL23A1+NKD2+	BCH01101818L1-L1	BCH01-L1	GTCATTTAGGATGGTC	BCH01	2 - Mild	nan	Male	Caucasion	nan	nan	nan	nan	nan	nan	nan	nan	antecubital fossa	Left	0.002389498	-0.008593462	-0.0026168004	Fibroblasts	BCH01Lesional	Fibroblast COL23A1+NKD2+	FB papillary	FB papillary	Stromal	L	350	5.860786223465865	1110.0642	7.0130734	18.46081566287014	32.80232962331225	59.681333993280376	99.99979106320129	0.0	0.0	0.0	0.27983441670735676	-0.2359234046936035	-0.05633602142333984	0.3653849788646602	-0.1829013442993164	CD8-like	False
TATCTCACACCAGATT-1-BCH01-L1	True	-0.09760347	-0.05832574	7329.0	v2	AD	0.0	BCH01	Yes	2.629409599102719	2.921166	0.1	0.004796163	830.0	426	834.0	4.0	G1	Smooth_muscle_cells:bronchial:vit_D	101818L1-L1	False	0.15322580645161288	male	Lesional	L	29	Fibroblasts	Fibroblast SLPI+	BCH01101818L1-L1	BCH01-L1	TATCTCACACCAGATT	BCH01	2 - Mild	nan	Male	Caucasion	nan	nan	nan	nan	nan	nan	nan	nan	antecubital fossa	Left	-0.05645438	-0.058419812	-0.058476586	Fibroblasts	BCH01Lesional	Fibroblast SLPI+	FB reticular	FB reticular	Stromal	L	352	5.8664680569332965	1112.5328	7.015293	19.06100714977126	33.36122583871726	59.8052657831623	100.0002194460348	0.0	0.0	0.0	0.12734711329142245	-0.3089039039611816	-0.16720046997070312	0.33328863891524885	-0.16669586181640625	CD8-like	False
TCGCGTTTCTAACTGG-1-BCH01-L1	True	-0.10921963	-0.07599166	5526.5	v2	AD	0.0	BCH01	Yes	2.8407332346118066	3.189771	0.1	0.011627907	1530.0	693	1548.0	4.0	G1	iPS_cells:adipose_stem_cells	101818L1-L1	False	0.07231920199501247	male	Lesional	L	4	Fibroblasts	Fibroblast C2orf40+NGFR+	BCH01101818L1-L1	BCH01-L1	TCGCGTTTCTAACTGG	BCH01	2 - Mild	nan	Male	Caucasion	nan	nan	nan	nan	nan	nan	nan	nan	antecubital fossa	Left	-0.043171212	-0.07966488	-0.08038685	Fibroblasts	BCH01Lesional	Fibroblast C2orf40+NGFR+	FB NGFR+	FB NGFR+	Stromal	L	602	6.401917196727186	1617.0094	7.388952	12.343781270073713	22.223070245546538	38.29639109708375	84.34414064826677	0.0	0.0	0.0	-0.28470173199971516	-0.29759864807128905	-0.04039369106292725	0.2244934362382745	-0.16844783782958983	CD8-like	False
AACTTTCCAAGCCGCT-1-BCH01-L1	True	-0.073819555	-0.04800384	8394.0	v2	AD	0.0001095853024085022	BCH01	Yes	2.57978359661681	2.7497363	0.1	0.016014235	553.0	380	562.0	3.9602476895643823	G1	Th1 cells	101818L1-L1	False	0.04572564612326043	male	Lesional	L	5	T/NK	CD8 Effector IFNg low	BCH01101818L1-L1	BCH01-L1	AACTTTCCAAGCCGCT	BCH01	2 - Mild	nan	Male	Caucasion	nan	nan	nan	nan	nan	nan	nan	nan	antecubital fossa	Left	0.25112057	0.056986313	0.06277116	T/NK	BCH01Lesional	CD8 Effector IFNg low	CD8+ CTL	CD8+ CTL	Immune	L	337	5.823045895483019	1073.7709	6.9798627	18.369427239636966	32.59081872247853	61.03359884606211	100.00025010475979	0.0	0.0	0.0	1.8392281595865883	-0.17692844390869142	-0.23590459823608398	0.41194396402368594	-0.20641651153564453	CD4-like	False
AAGGAGCCAAGACACG-1-BCH01-L1	True	-0.051559538	0.09074745	8273.0	v2	AD	0.0001095853024085022	BCH01	Yes	2.629409599102719	2.7701154	0.1	0.0067911716	585.0	426	589.0	3.9602476895643823	S	Th1 cells	101818L1-L1	False	0.0289210233592881	male	Lesional	L	5	T/NK	T cells FOS hi	BCH01101818L1-L1	BCH01-L1	AAGGAGCCAAGACACG	BCH01	2 - Mild	nan	Male	Caucasion	nan	nan	nan	nan	nan	nan	nan	nan	antecubital fossa	Left	0.2918314	0.012306038	0.04159483	T/NK	BCH01Lesional	Pathological T cells	T FOS hi	Pathological T cells	Immune	L	378	5.937536205082426	1189.8993	7.082464	16.66741684786428	29.656142586234928	54.959695393092375	100.00002051777635	0.0	0.0	0.0	1.3546578979492188	-0.2712130355834961	1.2740557479858399	0.477261627618991	-0.15925695419311522	CD8-like	True
AAGGCAGCAATCCAAC-1-BCH01-L1	True	0.040234216	-0.042638984	5652.0	v2	AD	0.0	BCH01	Yes	2.829946695941636	3.1702616	0.1	0.014864865	1458.0	676	1480.0	4.0	G2M	Th1 cells	101818L1-L1	False	0.022039979497693495	male	Lesional	L	5	T/NK	T cells FOS hi	BCH01101818L1-L1	BCH01-L1	AAGGCAGCAATCCAAC	BCH01	2 - Mild	nan	Male	Caucasion	nan	nan	nan	nan	nan	nan	nan	nan	antecubital fossa	Left	0.1995844	0.080161154	0.098266505	T/NK	BCH01Lesional	Pathological T cells	T FOS hi	Pathological T cells	Immune	L	589	6.380122536899765	1540.1694	7.3402967	13.079033202898216	23.216254005210907	39.619565695524635	86.18572670319992	0.0	0.0	0.0	0.9570908864339192	-0.4614457702636719	-0.20616226196289061	0.4960273320950455	-0.2651299285888672	CD8-like	False
ACATGGTTCTCTAAGG-1-BCH01-L1	True	-0.15091269	-0.018026885	7304.0	v2	AD	0.0	BCH01	Yes	2.640481436970422	2.925312	0.1	0.01543943	829.0	437	842.0	4.0	G1	Th1 cells	101818L1-L1	False	0.05065926439972242	male	Lesional	L	5	T/NK	γδ T cells	BCH01101818L1-L1	BCH01-L1	ACATGGTTCTCTAAGG	BCH01	2 - Mild	nan	Male	Caucasion	nan	nan	nan	nan	nan	nan	nan	nan	antecubital fossa	Left	0.18598783	0.022900082	0.042046882	T/NK	BCH01Lesional	Pathological T cells	γδ T	Pathological T cells	Immune	L	359	5.886104031450156	1118.1956	7.020365	18.778912243021846	32.819084997887074	58.75763610717291	100.0	0.0	0.0	0.0	2.2684578450520836	-0.3937737274169922	-0.10279050827026368	0.3666479201772106	-0.17226572036743165	CD8-like	False
ACGAGCCAGTACGACG-1-BCH01-L1	True	-0.034795884	-0.044738423	8492.0	v2	AD	0.0001095853024085022	BCH01	Yes	2.481442628502305	2.7323937	0.1	0.0129629625	533.0	303	540.0	3.9602476895643823	G1	NK_cell:IL2	101818L1-L1	False	0.028099173553719006	male	Lesional	L	5	T/NK	NK	BCH01101818L1-L1	BCH01-L1	ACGAGCCAGTACGACG	BCH01	2 - Mild	nan	Male	Caucasion	nan	nan	nan	nan	nan	nan	nan	nan	antecubital fossa	Left	0.08807986	0.08118961	0.09347018	T/NK	BCH01Lesional	NK	NK	NK	Immune	L	233	5.455321115357702	843.4422	6.738676	24.701311189298256	45.27466967354539	86.42136493276892	99.9997901437161	0.0	0.0	0.0	0.2902777544657389	-0.2222127151489258	-0.08096083641052246	0.4132422773083251	-0.13251193046569823	CD8-like	False
ACGGAGATCAACACAC-1-BCH01-L1	True	-0.1423959	0.0251434	6787.0	v2	AD	0.0	BCH01	Yes	2.7972675408307164	3.0056095	0.1	0.014807503	998.0	627	1013.0	4.0	S	Th1 cells	101818L1-L1	False	0.015558698727015562	male	Lesional	L	5	T/NK	T cells FOS hi	BCH01101818L1-L1	BCH01-L1	ACGGAGATCAACACAC	BCH01	2 - Mild	nan	Male	Caucasion	nan	nan	nan	nan	nan	nan	nan	nan	antecubital fossa	Left	0.3887942	0.045968004	0.07373812	T/NK	BCH01Lesional	T cells FOS hi	T FOS hi	T FOS hi	Immune	L	563	6.335054251498059	1533.4117	7.335902	12.677496162933622	23.072441345425133	39.687533833054175	89.5328491093548	0.0	0.0	0.0	2.434338633219401	-0.3460285186767578	-0.23997154235839843	1.2151002625125136	-0.2236053466796875	CD8-like	True
ACTGAACCACCCATTC-1-BCH01-L1	True	-0.1320823	0.008788101	8689.5	v2	AD	0.0001095853024085022	BCH01	Yes	2.509202522331103	2.6998377	0.1	0.00998004	496.0	323	501.0	3.9602476895643823	S	NK_cell:IL2	101818L1-L1	False	0.0289210233592881	male	Lesional	L	5	T/NK	T cells FOS hi	BCH01101818L1-L1	BCH01-L1	ACTGAACCACCCATTC	BCH01	2 - Mild	nan	Male	Caucasion	nan	nan	nan	nan	nan	nan	nan	nan	antecubital fossa	Left	0.20084251	0.034874886	0.05204226	T/NK	BCH01Lesional	Pathological T cells	T FOS hi	Pathological T cells	Immune	L	270	5.602118820879701	924.6077	6.8304505	23.26382381666096	40.70386595871017	75.58394364161039	100.0	0.0	0.0	0.0	3.322552121480306	-0.23384658813476564	1.4039998626708985	0.49434903782216744	-0.11550525665283203	CD8-like	False
ACTGATGGTACCGCTG-1-BCH01-L1	True	0.10845789	-0.11058268	4251.0	v2	AD	0.0	BCH01	Yes	3.040602340114073	3.3675423	0.1	0.0038610038	2322.0	1098	2331.0	4.0	G2M	Th1 cells	101818L1-L1	False	0.046916890080428944	male	Lesional	L	5	T/NK	Proliferating T cells FOS hi	BCH01101818L1-L1	BCH01-L1	ACTGATGGTACCGCTG	BCH01	2 - Mild	nan	Male	Caucasion	nan	nan	nan	nan	nan	nan	nan	nan	antecubital fossa	Left	0.23669188	0.0022766367	0.028528258	T/NK	BCH01Lesional	Pathological T cells	T FOS hi cycling	Pathological T cells	Immune	L	1012	6.920671504248683	2151.7876	7.674519	8.93071772611163	15.741410936028934	27.618826617361975	55.97267955604902	0.0	0.0	0.0	1.2544139099121094	-0.4921452713012695	0.8407712411880492	0.5585602573413946	-0.27535123825073243	CD8-like	False
AGCCTAAAGGGCTTCC-1-BCH01-L1	False	0.007838462	0.03108254	8941.5	v2	AD	0.0001095853024085022	BCH01	Yes	2.506505032404872	2.651278	0.1	0.004464286	446.0	321	448.0	3.9602476895643823	S	Th1 cells	101818L1-L1	False	0.0323699421965318	male	Lesional	L	5	T/NK	T cells FOS hi	BCH01101818L1-L1	BCH01-L1	AGCCTAAAGGGCTTCC	BCH01	2 - Mild	nan	Male	Caucasion	nan	nan	nan	nan	nan	nan	nan	nan	antecubital fossa	Left	0.21494919	-0.029536555	-0.009445883	T/NK	BCH01Lesional	T cells FOS hi	T FOS hi	T FOS hi	Immune	L	270	5.602118820879701	947.10187	6.854462	21.39269693449089	39.258016153849525	74.9886900368956	100.00013533289184	0.0	0.0	0.0	1.8217080688476561	-0.15768278121948243	1.4506815433502198	0.4292732243561864	-0.15314576148986817	CD8-like	False
AGCTCCTTCAAGGCTT-1-BCH01-L1	True	0.49827325	0.04860171	6451.0	v2	AD	0.0	BCH01	Yes	2.824776462475546	3.0553784	0.1	0.006161972	1129.0	668	1136.0	4.0	G2M	Th1 cells	101818L1-L1	False	0.04456094364351246	male	Lesional	L	5	T/NK	Proliferating CD4 Tregs	BCH01101818L1-L1	BCH01-L1	AGCTCCTTCAAGGCTT	BCH01	2 - Mild	nan	Male	Caucasion	nan	nan	nan	nan	nan	nan	nan	nan	antecubital fossa	Left	0.3021103	0.120431595	0.13402312	T/NK	BCH01Lesional	Proliferating CD4 Tregs	Treg cycling	Treg cycling	Immune	L	596	6.391917113392602	1575.082	7.362697	12.677439107656829	22.503773923279034	38.489913755061025	85.08869785347893	0.0	0.0	0.0	0.371691099802653	-0.34986968994140627	-0.3203511047363281	0.23983507324103734	-0.22495594024658203	CD8-like	False
AGGCCGTTCCAATGGT-1-BCH01-L1	True	-0.07535571	-0.025528792	7319.0	v2	AD	0.0	BCH01	Yes	2.5899496013257077	2.923244	0.1	0.005966587	833.0	389	838.0	4.0	G1	Th1 cells	101818L1-L1	False	0.04456094364351246	male	Lesional	L	5	T/NK	T cells FOS hi	BCH01101818L1-L1	BCH01-L1	AGGCCGTTCCAATGGT	BCH01	2 - Mild	nan	Male	Caucasion	nan	nan	nan	nan	nan	nan	nan	nan	antecubital fossa	Left	0.16335726	0.004272517	0.012496635	T/NK	BCH01Lesional	T cells FOS hi	T FOS hi	T FOS hi	Immune	L	309	5.736572297479192	1026.7773	6.935154	20.287492276794456	35.67604991309945	66.45316518570942	100.00022588555757	0.0	0.0	0.0	0.2765925153096517	-0.22876422882080077	-0.05130637168884277	0.34768556805711304	-0.15172466278076172	CD8-like	False
ATCATCTGTGTTCTTT-1-BCH01-L1	True	0.6565609	-0.027953789	2240.0	v2	AD	0.0	BCH01	Yes	3.2016701796465816	3.6978393	0.1	0.0016041709	4979.0	1591	4987.0	4.0	G2M	Th1 cells	101818L1-L1	False	0.03910614525139665	male	Lesional	L	5	T/NK	Proliferating T cells FOS hi	BCH01101818L1-L1	BCH01-L1	ATCATCTGTGTTCTTT	BCH01	2 - Mild	nan	Male	Caucasion	nan	nan	nan	nan	nan	nan	nan	nan	antecubital fossa	Left	0.26814038	0.19734181	0.20720589	T/NK	BCH01Lesional	Pathological T cells	T FOS hi cycling	Pathological T cells	Immune	L	1496	7.311218384419629	2396.766	7.782293	8.350344898328386	14.517108725431635	24.73858868243725	47.895854334112656	0.0	0.0	0.0	0.125530382792155	-0.008848786354064941	0.4160471940040588	0.4394001354524239	-0.017929737567901616	CD8-like	False
ATGAGGGCAGTGGGAT-1-BCH01-L1	True	-0.058960065	-0.067452684	6791.5	v2	AD	0.0	BCH01	Yes	2.7481880270062002	3.0051806	0.1	0.0029644268	1009.0	560	1012.0	4.0	G1	NK_cell:IL2	101818L1-L1	False	0.0289210233592881	male	Lesional	L	5	T/NK	γδ T cells	BCH01101818L1-L1	BCH01-L1	ATGAGGGCAGTGGGAT	BCH01	2 - Mild	nan	Male	Caucasion	nan	nan	nan	nan	nan	nan	nan	nan	antecubital fossa	Left	0.3227028	0.103117704	0.124532655	T/NK	BCH01Lesional	γδ T cells	γδ T	γδ T	Immune	L	487	6.1903154058531475	1403.9656	7.247768	14.295200047646953	26.053058534456223	45.16085194143946	100.00022606218796	0.0	0.0	0.0	1.1310891850789389	-0.45486785888671877	1.0992865371704101	0.21946731835753475	-0.19421592712402344	CD8-like	False
ATGGGAGCAGTGGGAT-1-BCH01-L1	True	-0.10349764	-0.060566757	6364.5	v2	AD	0.0	BCH01	Yes	2.7573960287930244	3.0678146	0.1	0.000855432	1168.0	572	1169.0	4.0	G1	Th1 cells	101818L1-L1	False	0.026500811249323963	male	Lesional	L	5	T/NK	T cells FOS hi	BCH01101818L1-L1	BCH01-L1	ATGGGAGCAGTGGGAT	BCH01	2 - Mild	nan	Male	Caucasion	nan	nan	nan	nan	nan	nan	nan	nan	antecubital fossa	Left	0.24031012	0.029250495	0.03721053	T/NK	BCH01Lesional	T cells FOS hi	T FOS hi	T FOS hi	Immune	L	498	6.212606095751519	1405.0107	7.248512	14.389687685602508	25.976330021724074	44.575328424130646	100.00017376478434	0.0	0.0	0.0	0.9103864987691246	-0.369010009765625	1.038569402694702	0.23574845155878882	-0.22601324081420898	CD8-like	False
CACAAACGTGAGTATA-1-BCH01-L1	False	-0.056236077	-0.04934729	7052.5	v2	AD	0.0	BCH01	Yes	2.5899496013257077	2.9661417	0.1	0.0054054055	920.0	389	925.0	4.0	G1	Th1 cells	101818L1-L1	False	0.03610108303249097	male	Lesional	L	5	T/NK	T cells FOS hi	BCH01101818L1-L1	BCH01-L1	CACAAACGTGAGTATA	BCH01	2 - Mild	nan	Male	Caucasion	nan	nan	nan	nan	nan	nan	nan	nan	antecubital fossa	Left	0.19416279	0.04809844	0.06335549	T/NK	BCH01Lesional	T cells FOS hi	T FOS hi	T FOS hi	Immune	L	308	5.733341276897746	1020.7371	6.9292593	20.55830875208752	35.95394298410653	66.7452054686398	99.99975484030446	0.0	0.0	0.0	0.06294074376424152	-0.29184886932373044	-0.09895910263061523	0.3824868767704796	-0.0870073127746582	CD8-like	False
CACACCTGTTTGACTG-1-BCH01-L1	True	-0.0048447847	0.017224066	7124.5	v2	AD	0.0	BCH01	Yes	2.6989700043360187	2.951823	0.1	0.0067039104	889.0	500	895.0	4.0	S	Th1 cells	101818L1-L1	False	0.03910614525139665	male	Lesional	L	5	T/NK	T cells FOS hi	BCH01101818L1-L1	BCH01-L1	CACACCTGTTTGACTG	BCH01	2 - Mild	nan	Male	Caucasion	nan	nan	nan	nan	nan	nan	nan	nan	antecubital fossa	Left	0.22493714	0.041794814	0.063300095	T/NK	BCH01Lesional	Pathological T cells	T FOS hi	Pathological T cells	Immune	L	422	6.0473721790462776	1243.3231	7.126347	16.386872667350396	28.958572771402252	51.02112788756665	100.000137452915	0.0	0.0	0.0	-0.19790875752766934	-0.35847862243652345	-0.05010822296142578	0.21549137249663852	-0.2090005874633789	CD8-like	True
CACACTCTCAACACCA-1-BCH01-L1	True	0.012982577	-0.06778517	8002.5	v2	AD	0.0001095853024085022	BCH01	Yes	2.5490032620257876	2.8169038	0.1	0.013719512	647.0	354	656.0	3.9602476895643823	G2M	Th1 cells	101818L1-L1	False	0.05065926439972242	male	Lesional	L	5	T/NK	Proliferating T cells FOS hi	BCH01101818L1-L1	BCH01-L1	CACACTCTCAACACCA	BCH01	2 - Mild	nan	Male	Caucasion	nan	nan	nan	nan	nan	nan	nan	nan	antecubital fossa	Left	0.16750441	-0.0032221228	0.014624838	T/NK	BCH01Lesional	Pathological T cells	T FOS hi cycling	Pathological T cells	Immune	L	280	5.638354669333745	958.6319	6.86655	22.116537881269043	39.04771685532214	72.91007161997862	99.9999554317038	0.0	0.0	0.0	0.3489038499196371	1.143497052192688	-0.0560137414932251	0.3878313924799014	-0.14343762397766113	CD4-like	False
CACCAGGCAAGTAATG-1-BCH01-L1	True	0.3978964	0.07239221	4693.5	v2	AD	0.0	BCH01	Yes	2.9647309210536292	3.3079238	0.1	0.000984252	2030.0	922	2032.0	4.0	G2M	Th1 cells	101818L1-L1	False	0.05467625899280576	male	Lesional	L	5	T/NK	Proliferating T cells FOS hi	BCH01101818L1-L1	BCH01-L1	CACCAGGCAAGTAATG	BCH01	2 - Mild	nan	Male	Caucasion	nan	nan	nan	nan	nan	nan	nan	nan	antecubital fossa	Left	0.21602914	0.09779184	0.109922856	T/NK	BCH01Lesional	Proliferating T cells FOS hi	T FOS hi cycling	T FOS hi cycling	Immune	L	838	6.732210706467206	1917.5796	7.5593405	10.188134148921197	17.76844161575927	31.287878966316292	63.59784428437373	0.0	0.0	0.0	1.4153143819173177	0.9357374715805054	-0.27331151962280276	0.31893988949569624	0.17694156885147094	CD4-like	False
CAGAGAGCATGACATC-1-BCH01-L1	True	0.9688314	-0.07178129	4614.5	v2	AD	0.0	BCH01	Yes	3.0273496077747564	3.3188977	0.1	0.0019193857	2080.0	1065	2084.0	4.0	G2M	Th1 cells	101818L1-L1	False	0.04230769230769232	male	Lesional	L	5	T/NK	Proliferating T cells FOS hi	BCH01101818L1-L1	BCH01-L1	CAGAGAGCATGACATC	BCH01	2 - Mild	nan	Male	Caucasion	nan	nan	nan	nan	nan	nan	nan	nan	antecubital fossa	Left	0.29757157	0.15345602	0.1703223	T/NK	BCH01Lesional	Pathological T cells	T FOS hi cycling	Pathological T cells	Immune	L	987	6.895682697747868	2089.3416	7.645083	9.184453922567698	16.24360697003127	28.30343307564321	56.59490067309321	0.0	0.0	0.0	0.7747215398152669	-0.5518035888671875	-0.3010029411315918	0.5914763834009218	-0.3766138458251953	CD8-like	False
CATATGGGTAGGAGTC-1-BCH01-L1	True	-0.03424564	-0.04321296	6756.0	v2	AD	0.0	BCH01	Yes	2.6794278966121188	3.0111473	0.1	0.0	1026.0	478	1026.0	4.0	G1	NK_cell:IL2	101818L1-L1	False	0.03910614525139665	male	Lesional	L	5	T/NK	CD8 Effector IFNg low	BCH01101818L1-L1	BCH01-L1	CATATGGGTAGGAGTC	BCH01	2 - Mild	nan	Male	Caucasion	nan	nan	nan	nan	nan	nan	nan	nan	antecubital fossa	Left	0.20110217	0.010061815	0.026572645	T/NK	BCH01Lesional	CD8 Effector IFNg low	CD8+ CTL	CD8+ CTL	Immune	L	401	5.996452088619021	1205.1499	7.0951886	16.84365373261078	30.337856911986517	53.48151093834056	100.0002329687912	0.0	0.0	0.0	0.8045749600728351	-0.2240586471557617	-0.10789361000061035	0.3071893505115605	-0.17011722564697265	CD8-like	False
CATATTCCATCGTCGG-1-BCH01-L1	True	0.34472072	-0.09429944	6104.5	v2	AD	0.0	BCH01	Yes	2.8182258936139557	3.1041455	0.1	0.014162078	1253.0	658	1271.0	4.0	G2M	Th1 cells	101818L1-L1	False	0.068714632174616	male	Lesional	L	5	T/NK	Proliferating T cells FOS hi	BCH01101818L1-L1	BCH01-L1	CATATTCCATCGTCGG	BCH01	2 - Mild	nan	Male	Caucasion	nan	nan	nan	nan	nan	nan	nan	nan	antecubital fossa	Left	0.12516937	0.071772814	0.07510669	T/NK	BCH01Lesional	Proliferating T cells FOS hi	T FOS hi cycling	T FOS hi cycling	Immune	L	577	6.359573868672378	1497.953	7.312522	13.041456645452461	23.153329740633765	40.0135936386237	87.74852233049126	0.0	0.0	0.0	0.20598931630452466	-0.42153263092041016	0.9658414077758789	0.22326291817516536	-0.2037016487121582	CD8-like	False
CATATTCCATGATCCA-1-BCH01-L1	True	-0.12365262	-0.055387955	8263.0	v2	AD	0.0001095853024085022	BCH01	Yes	2.606381365110605	2.7723217	0.1	0.010135135	586.0	404	592.0	3.9602476895643823	G1	Th1 cells	101818L1-L1	False	0.02134146341463414	male	Lesional	L	5	T/NK	T cells FOS hi	BCH01101818L1-L1	BCH01-L1	CATATTCCATGATCCA	BCH01	2 - Mild	nan	Male	Caucasion	nan	nan	nan	nan	nan	nan	nan	nan	antecubital fossa	Left	0.17086166	0.055343427	0.07037158	T/NK	BCH01Lesional	T cells FOS hi	T FOS hi	T FOS hi	Immune	L	356	5.877735781779639	1128.9181	7.0299006	18.037916922710608	31.430437992203142	58.21545580183232	100.00007569132947	0.0	0.0	0.0	1.2847137514750164	-0.17363807678222656	-0.11575871467590332	0.3751978512385383	-0.1446984004974365	CD8-like	False
CATCAAGGTCTCACCT-1-BCH01-L1	True	-0.053288087	-0.058749344	7604.5	v2	AD	0.0001095853024085022	BCH01	Yes	2.5538830266438746	2.8802419	0.1	0.007905139	753.0	358	759.0	3.9602476895643823	G1	NK_cell:IL2	101818L1-L1	False	0.04938271604938272	male	Lesional	L	5	T/NK	CD8 Effector IFNg hi	BCH01101818L1-L1	BCH01-L1	CATCAAGGTCTCACCT	BCH01	2 - Mild	nan	Male	Caucasion	nan	nan	nan	nan	nan	nan	nan	nan	antecubital fossa	Left	0.2900622	0.05127648	0.06400257	T/NK	BCH01Lesional	CD8 Effector IFNg hi	CD8+ CTL IFNG hi	CD8+ CTL IFNG hi	Immune	L	280	5.638354669333745	932.9938	6.83947	22.70772789839611	39.566659102103095	73.14065960333993	99.9998429955096	0.0	0.0	0.0	-0.1657719389597575	-0.1871236038208008	0.0	0.3962145644815722	-0.13488258361816408	CD8-like	False
CATGCCTGTCTAGAGG-1-BCH01-L1	True	-0.070002586	-0.13549851	5891.5	v2	AD	0.0	BCH01	Yes	2.7641761323903307	3.1312978	0.1	0.0022172949	1350.0	581	1353.0	4.0	G1	Th1 cells	101818L1-L1	False	0.03513996426444312	male	Lesional	L	5	T/NK	T cells FOS hi	BCH01101818L1-L1	BCH01-L1	CATGCCTGTCTAGAGG	BCH01	2 - Mild	nan	Male	Caucasion	nan	nan	nan	nan	nan	nan	nan	nan	antecubital fossa	Left	0.23469329	0.007128082	0.030984562	T/NK	BCH01Lesional	Pathological T cells	T FOS hi	Pathological T cells	Immune	L	498	6.212606095751519	1405.3125	7.2487264	14.295259940112977	25.892353025587145	44.51234257767141	99.99995656835827	0.0	0.0	0.0	0.14713199615478512	-0.31703083038330077	1.5406548166275025	0.2343619102209657	-0.17669870376586913	CD8-like	False
CCATGTCAGTACGCGA-1-BCH01-L1	True	-0.08033866	0.024374038	5632.5	v2	AD	0.0	BCH01	Yes	2.864511081058392	3.1743505	0.1	0.0	1494.0	732	1494.0	4.0	S	Th1 cells	101818L1-L1	False	0.02421052631578947	male	Lesional	L	5	T/NK	T cells FOS hi	BCH01101818L1-L1	BCH01-L1	CCATGTCAGTACGCGA	BCH01	2 - Mild	nan	Male	Caucasion	nan	nan	nan	nan	nan	nan	nan	nan	antecubital fossa	Left	0.3235447	0.06164944	0.09012336	T/NK	BCH01Lesional	Pathological T cells	T FOS hi	Pathological T cells	Immune	L	657	6.489204931325317	1635.0746	7.400055	12.237560733973996	21.390557901463886	37.42564101032664	78.50327896267716	0.0	0.0	0.0	1.554531364440918	-0.46027587890625	0.8569545936584473	0.22059891499466633	-0.2600918960571289	CD8-like	True
CGATGTAAGACGACGT-1-BCH01-L1	True	-0.08248579	-0.092577174	6117.0	v2	AD	0.0	BCH01	Yes	2.791690649020118	3.1020906	0.1	0.0015810276	1263.0	619	1265.0	4.0	G1	Th1 cells	101818L1-L1	False	0.03910614525139665	male	Lesional	L	5	T/NK	T cells FOS hi	BCH01101818L1-L1	BCH01-L1	CGATGTAAGACGACGT	BCH01	2 - Mild	nan	Male	Caucasion	nan	nan	nan	nan	nan	nan	nan	nan	antecubital fossa	Left	0.118354626	0.02837886	0.043946855	T/NK	BCH01Lesional	T cells FOS hi	T FOS hi	T FOS hi	Immune	L	541	6.295266001439646	1453.4001	7.2823486	13.727906056371955	24.457639899333156	42.071566218754526	93.03526128058951	0.0	0.0	0.0	0.6359219487508136	-0.40863029479980467	0.9627345657348633	0.20347545470424633	-0.18919984817504884	CD8-like	True
CGCCAAGGTATATGGA-1-BCH01-L1	False	-0.05082128	-0.04958828	7816.0	v2	AD	0.0001095853024085022	BCH01	Yes	2.44870631990508	2.8469553	0.1	0.0071123755	698.0	281	703.0	3.9602476895643823	G1	Th1 cells	101818L1-L1	False	0.028099173553719006	male	Lesional	L	5	T/NK	T cells FOS hi	BCH01101818L1-L1	BCH01-L1	CGCCAAGGTATATGGA	BCH01	2 - Mild	nan	Male	Caucasion	nan	nan	nan	nan	nan	nan	nan	nan	antecubital fossa	Left	-0.038501263	-0.02579595	-0.027193451	T/NK	BCH01Lesional	T cells FOS hi	T FOS hi	T FOS hi	Immune	L	203	5.318119993844216	756.6091	6.6301675	28.75335483980262	52.03659649233197	98.60305559656251	100.0000484016563	0.0	0.0	0.0	0.7391248607635499	-0.21087093353271485	-0.054591860771179196	0.46327829049460256	-0.08222711563110352	CD8-like	False
CGGACACCAGATGAGC-1-BCH01-L1	True	-0.054556765	-0.11001965	4760.0	v2	AD	0.0	BCH01	Yes	2.8555191556678	3.2990713	0.1	0.0020090407	1987.0	717	1991.0	4.0	G1	Th1 cells	101818L1-L1	False	0.04938271604938272	male	Lesional	L	5	T/NK	Proliferating T cells FOS hi	BCH01101818L1-L1	BCH01-L1	CGGACACCAGATGAGC	BCH01	2 - Mild	nan	Male	Caucasion	nan	nan	nan	nan	nan	nan	nan	nan	antecubital fossa	Left	0.18805417	0.034951277	0.046206474	T/NK	BCH01Lesional	Pathological T cells	T FOS hi cycling	Pathological T cells	Immune	L	631	6.448889394146858	1608.9292	7.3839455	12.641495984809476	22.250213025919475	38.51045054213778	81.31064486213955	0.0	0.0	0.0	0.43548430124918625	0.5007300472259522	-0.17971969604492188	0.420297138655006	0.18815446376800538	CD4-like	False
CGGAGCTCAACGATGG-1-BCH01-L1	True	-0.0044762865	-0.08787172	7855.5	v2	AD	0.0001095853024085022	BCH01	Yes	2.597695185925512	2.8407333	0.1	0.01875902	680.0	396	693.0	3.9602476895643823	G1	Th1 cells	101818L1-L1	False	0.068714632174616	male	Lesional	L	5	T/NK	CD8 Effector IFNg low	BCH01101818L1-L1	BCH01-L1	CGGAGCTCAACGATGG	BCH01	2 - Mild	nan	Male	Caucasion	nan	nan	nan	nan	nan	nan	nan	nan	antecubital fossa	Left	0.17750284	0.054918285	0.07226856	T/NK	BCH01Lesional	CD8 Effector IFNg low	CD8+ CTL	CD8+ CTL	Immune	L	319	5.768320995793772	1046.6434	6.9542985	20.302915563832656	35.27285067788865	64.82853288068446	99.9998133919718	0.0	0.0	0.0	0.8879925600687664	-0.24911029815673827	-0.11016140937805176	0.3971488940655886	-0.1528898620605469	CD8-like	False
CGGTTAAAGTCGATAA-1-BCH01-L1	True	-0.063118234	0.0650686	4280.0	v2	AD	0.0	BCH01	Yes	2.988112840268352	3.3634238	0.1	0.0017323517	2305.0	973	2309.0	4.0	S	Th1 cells	101818L1-L1	False	0.07049180327868854	male	Lesional	L	5	T/NK	Proliferating T cells FOS hi	BCH01101818L1-L1	BCH01-L1	CGGTTAAAGTCGATAA	BCH01	2 - Mild	nan	Male	Caucasion	nan	nan	nan	nan	nan	nan	nan	nan	antecubital fossa	Left	0.3610643	0.0064401776	0.047142074	T/NK	BCH01Lesional	Proliferating T cells FOS hi	T FOS hi cycling	T FOS hi cycling	Immune	L	889	6.7912214627261855	1898.8114	7.54951	9.795567939925853	17.33494971459496	30.62038413463118	60.93957078892962	0.0	0.0	0.0	1.283156623840332	-0.4406783294677734	0.6841641640663148	0.3640545579057243	-0.3014118385314941	CD8-like	False
CGTAGGCTCTACTATC-1-BCH01-L1	True	0.05493447	-0.057438664	6626.0	v2	AD	0.0	BCH01	Yes	2.682145076373832	3.0318122	0.1	0.010223049	1065.0	481	1076.0	4.0	G2M	Th1 cells	101818L1-L1	False	0.03910614525139665	male	Lesional	L	5	T/NK	T cells FOS hi	BCH01101818L1-L1	BCH01-L1	CGTAGGCTCTACTATC	BCH01	2 - Mild	nan	Male	Caucasion	nan	nan	nan	nan	nan	nan	nan	nan	antecubital fossa	Left	0.21396455	0.04372473	0.057544366	T/NK	BCH01Lesional	T cells FOS hi	T FOS hi	T FOS hi	Immune	L	399	5.991464547107982	1197.0668	7.0884647	17.28728679272566	30.793864309094882	53.939784594917526	100.00015296193972	0.0	0.0	0.0	1.3552258936564128	-0.29635608673095704	-0.18726497650146484	0.48440714792989614	-0.15415098190307616	CD8-like	False
CGTCTACAGATTACCC-1-BCH01-L1	True	-0.080780685	-0.049045302	5759.5	v2	AD	0.0	BCH01	Yes	2.663700925389648	3.1538148	0.1	0.011929825	1408.0	461	1425.0	4.0	G1	Th1 cells	101818L1-L1	False	0.040150564617314935	male	Lesional	L	5	T/NK	T cells FOS hi	BCH01101818L1-L1	BCH01-L1	CGTCTACAGATTACCC	BCH01	2 - Mild	nan	Male	Caucasion	nan	nan	nan	nan	nan	nan	nan	nan	antecubital fossa	Left	0.29087156	0.05515433	0.07549699	T/NK	BCH01Lesional	T cells FOS hi	T FOS hi	T FOS hi	Immune	L	372	5.921578419643816	1159.4445	7.056558	17.891835153934252	31.61156398311839	56.75447608406946	100.0002000390392	0.0	0.0	0.0	1.8030606079101563	1.2602125120162964	2.0084589385986327	0.30041846773732245	-0.10695969581604003	CD8-like	False
CGTGAGCAGCCAGTTT-1-BCH01-L1	True	-0.06540167	-0.072632164	8144.5	v2	AD	0.0001095853024085022	BCH01	Yes	2.598790506763115	2.7951846	0.1	0.0048076925	621.0	397	624.0	3.9602476895643823	G1	Th1 cells	101818L1-L1	False	0.017391304347826087	male	Lesional	L	5	T/NK	T cells FOS hi	BCH01101818L1-L1	BCH01-L1	CGTGAGCAGCCAGTTT	BCH01	2 - Mild	nan	Male	Caucasion	nan	nan	nan	nan	nan	nan	nan	nan	antecubital fossa	Left	0.035843365	0.02147632	0.029741354	T/NK	BCH01Lesional	Pathological T cells	T FOS hi	Pathological T cells	Immune	L	337	5.823045895483019	1091.3895	6.996123	19.135294403190283	33.67901674230065	61.66263470641442	100.00022369745724	0.0	0.0	0.0	0.2204082647959391	-0.39613483428955076	-0.056785149574279783	0.5634832784758141	-0.17896709442138672	CD8-like	False
CGTGAGCTCATGTAGC-1-BCH01-L1	True	0.5590897	-0.083691835	7485.5	v2	AD	0.0001095853024085022	BCH01	Yes	2.6655809910179533	2.897077	0.1	0.0	789.0	463	789.0	3.9602476895643823	G2M	Th1 cells	101818L1-L1	False	0.05467625899280576	male	Lesional	L	5	T/NK	Proliferating T cells FOS hi	BCH01101818L1-L1	BCH01-L1	CGTGAGCTCATGTAGC	BCH01	2 - Mild	nan	Male	Caucasion	nan	nan	nan	nan	nan	nan	nan	nan	antecubital fossa	Left	0.096137255	0.08102797	0.08825487	T/NK	BCH01Lesional	Pathological T cells	T FOS hi cycling	Pathological T cells	Immune	L	394	5.978885764901122	1194.8153	7.0865836	17.02423867317156	29.986650881209393	53.80074933244189	100.00007151678518	0.0	0.0	0.0	0.41451225280761717	0.8890137720108032	-0.10462063789367676	0.3895652260612602	-0.11979270935058593	CD4-like	False
CGTGTCTTCAATAAGG-1-BCH01-L1	False	-0.08494865	-0.025410512	10172.0	v2	AD	0.0001095853024085022	BCH01	Yes	2.330413773349191	2.4329693	0.1	0.007380074	269.0	214	271.0	3.9602476895643823	G1	Th1 cells	101818L1-L1	False	0.018664047151277015	male	Lesional	L	5	T/NK	T cells FOS hi	BCH01101818L1-L1	BCH01-L1	CGTGTCTTCAATAAGG	BCH01	2 - Mild	nan	Male	Caucasion	nan	nan	nan	nan	nan	nan	nan	nan	antecubital fossa	Left	0.19711302	0.020050004	0.026756704	T/NK	BCH01Lesional	T cells FOS hi	T FOS hi	T FOS hi	Immune	L	183	5.214935757608986	714.7947	6.5733933	28.74331418381404	55.5316192494125	100.00020493250335	100.00020493250335	0.0	0.0	0.0	0.776997028986613	-0.03642173528671264	0.0	1.4202646523863827	-0.01821086764335632	CD8-like	False
CTACATTCACCGCTAG-1-BCH01-L1	True	-0.011057064	-0.07254181	4926.5	v2	AD	0.0	BCH01	Yes	2.9304395947667	3.276232	0.1	0.005293806	1879.0	852	1889.0	4.0	G1	Th1 cells	101818L1-L1	False	0.04230769230769232	male	Lesional	L	5	T/NK	Proliferating CD4 Tregs	BCH01101818L1-L1	BCH01-L1	CTACATTCACCGCTAG	BCH01	2 - Mild	nan	Male	Caucasion	nan	nan	nan	nan	nan	nan	nan	nan	antecubital fossa	Left	0.3974413	-0.011020981	0.020348914	T/NK	BCH01Lesional	Proliferating CD4 Tregs	Treg cycling	Treg cycling	Immune	L	762	6.637258031284457	1777.6501	7.48361	11.504353116050178	19.846863596091918	33.75885720265873	69.11924524746605	0.0	0.0	0.0	1.9167078781127929	-0.4019509887695312	-0.2581645393371582	0.20765026490292954	-0.22656970977783203	CD8-like	False
CTAGTGAAGCACACAG-1-BCH01-L1	True	-0.066364035	-0.10362066	7821.0	v2	AD	0.0001095853024085022	BCH01	Yes	2.5276299008713385	2.846337	0.1	0.0	702.0	337	702.0	3.9602476895643823	G1	Th1 cells	101818L1-L1	False	0.04230769230769232	male	Lesional	L	5	T/NK	T cells FOS hi	BCH01101818L1-L1	BCH01-L1	CTAGTGAAGCACACAG	BCH01	2 - Mild	nan	Male	Caucasion	nan	nan	nan	nan	nan	nan	nan	nan	antecubital fossa	Left	0.086829655	0.06161928	0.06841955	T/NK	BCH01Lesional	T cells FOS hi	T FOS hi	T FOS hi	Immune	L	264	5.579729825986222	917.18225	6.822396	23.355112114868827	41.26284813132125	77.07828689097981	100.00019298482847	0.0	0.0	0.0	0.39565612475077316	1.158232569694519	0.0	0.8796731464826881	-0.20897769927978516	CD4-like	False
CTCCTAGGTGGGTCAA-1-BCH01-L1	False	-0.06237379	-0.058046304	9978.5	v2	AD	0.0001095853024085022	BCH01	Yes	2.3384564936046046	2.4668677	0.1	0.0068259384	291.0	218	293.0	3.9602476895643823	G1	Th1 cells	101818L1-L1	False	0.022039979497693495	male	Lesional	L	5	T/NK	CD8 Effector IFNg low	BCH01101818L1-L1	BCH01-L1	CTCCTAGGTGGGTCAA	BCH01	2 - Mild	nan	Male	Caucasion	nan	nan	nan	nan	nan	nan	nan	nan	antecubital fossa	Left	0.27049974	0.06505869	0.06951825	T/NK	BCH01Lesional	CD8 Effector IFNg low	CD8+ CTL	CD8+ CTL	Immune	L	186	5.231108616854587	713.03046	6.5709257	29.464470135986403	55.396711820843734	100.00016263961004	100.00016263961004	0.0	0.0	0.0	1.7930440203348794	-0.10697105407714844	0.0	0.8863971585604414	-0.04244609355926514	CD8-like	False
CTCGGAGAGCAAATCA-1-BCH01-L1	True	0.5572819	0.30885115	5292.5	v2	AD	0.0	BCH01	Yes	2.977266212427293	3.2232363	0.1	0.004784689	1664.0	949	1672.0	4.0	G2M	Th1 cells	101818L1-L1	False	0.04456094364351246	male	Lesional	L	5	T/NK	Proliferating T cells FOS hi	BCH01101818L1-L1	BCH01-L1	CTCGGAGAGCAAATCA	BCH01	2 - Mild	nan	Male	Caucasion	nan	nan	nan	nan	nan	nan	nan	nan	antecubital fossa	Left	0.43082255	0.1440463	0.16521674	T/NK	BCH01Lesional	Proliferating T cells FOS hi	T FOS hi cycling	T FOS hi cycling	Immune	L	889	6.7912214627261855	1998.5823	7.6006937	9.747851531567274	16.938725887353513	30.141676180091746	60.78781481873512	0.0	0.0	0.0	1.6669583638509116	-0.3724826812744141	-0.32394813537597655	0.5234901121513328	-0.18599102020263672	CD8-like	False
CTGAAGTGTCGAACAG-1-BCH01-L1	True	0.5468215	0.14085037	6521.5	v2	AD	0.0	BCH01	Yes	2.8356905714924254	3.0449317	0.1	0.0054102796	1103.0	685	1109.0	4.0	G2M	Th1 cells	101818L1-L1	False	0.041217501585288516	male	Lesional	L	5	T/NK	Proliferating T cells FOS hi	BCH01101818L1-L1	BCH01-L1	CTGAAGTGTCGAACAG	BCH01	2 - Mild	nan	Male	Caucasion	nan	nan	nan	nan	nan	nan	nan	nan	antecubital fossa	Left	0.13982677	0.12624069	0.13279146	T/NK	BCH01Lesional	Pathological T cells	T FOS hi cycling	Pathological T cells	Immune	L	624	6.437751649736401	1636.8481	7.401139	11.987910078376368	21.501409784248718	37.505913874890155	81.72310626241317	0.0	0.0	0.0	1.5432491175333656	-0.3848414993286133	2.4455469131469725	0.498603123276677	-0.17448671340942382	CD8-like	False
CTGATCCGTCAGGACA-1-BCH01-L1	True	-0.13003929	-0.09231771	6340.5	v2	AD	0.0	BCH01	Yes	2.7664128471123997	3.0704074	0.1	0.004251701	1171.0	584	1176.0	4.0	G1	NK_cell:IL2	101818L1-L1	False	0.04342190537913157	male	Lesional	L	5	T/NK	γδ T cells	BCH01101818L1-L1	BCH01-L1	CTGATCCGTCAGGACA	BCH01	2 - Mild	nan	Male	Caucasion	nan	nan	nan	nan	nan	nan	nan	nan	antecubital fossa	Left	0.15850097	0.08587466	0.096363544	T/NK	BCH01Lesional	γδ T cells	γδ T	γδ T	Immune	L	500	6.2166061010848646	1388.3073	7.2365603	14.776334307513828	26.087936246777225	44.566031869577166	100.00014947712023	0.0	0.0	0.0	2.3028545888264977	-0.42928916931152344	-0.09021852493286132	0.8142785930154312	-0.1953318977355957	CD8-like	False
CTTGGCTAGAAGGTGA-1-BCH01-L1	True	-0.09431064	-0.060174268	7573.0	v2	AD	0.0001095853024085022	BCH01	Yes	2.6720978579357175	2.8842287	0.1	0.011749348	757.0	470	766.0	3.9602476895643823	G1	Th1 cells	101818L1-L1	False	0.03419811320754717	male	Lesional	L	5	T/NK	γδ T cells	BCH01101818L1-L1	BCH01-L1	CTTGGCTAGAAGGTGA	BCH01	2 - Mild	nan	Male	Caucasion	nan	nan	nan	nan	nan	nan	nan	nan	antecubital fossa	Left	0.24199194	0.079327315	0.09384708	T/NK	BCH01Lesional	γδ T cells	γδ T	γδ T	Immune	L	393	5.976350909297934	1201.5925	7.092235	16.89131601749105	29.19550780708316	53.36088537403566	100.00004063622924	0.0	0.0	0.0	0.9073817698160808	-0.3073770523071289	-0.4377783966064453	0.3541130497227961	-0.1757933235168457	CD4-like	False
CTTTGCGAGCTTCGCG-1-BCH01-L1	True	-0.13118625	0.002389446	5284.5	v2	AD	0.0	BCH01	Yes	2.8830933585756897	3.224274	0.1	0.016706444	1648.0	764	1676.0	4.0	S	NK_cell:IL2	101818L1-L1	False	0.029758562605277934	male	Lesional	L	5	T/NK	γδ T cells	BCH01101818L1-L1	BCH01-L1	CTTTGCGAGCTTCGCG	BCH01	2 - Mild	nan	Male	Caucasion	nan	nan	nan	nan	nan	nan	nan	nan	antecubital fossa	Left	0.3036939	0.09198034	0.11295113	T/NK	BCH01Lesional	γδ T cells	γδ T	γδ T	Immune	L	678	6.520621127558696	1625.1007	7.3939404	12.675019963918846	22.003040389725143	37.29845192964017	76.65101477401355	0.0	0.0	0.0	2.162772521972656	-0.433966064453125	1.0530067253112794	0.29160359540776387	-0.25023645401000977	CD8-like	False
CTTTGCGCAAACAACA-1-BCH01-L1	True	-0.10289556	-0.063517615	3681.5	v2	AD	0.0	BCH01	Yes	3.0572856444182146	3.4410665	0.1	0.0010865629	2758.0	1141	2761.0	4.0	G1	Th1 cells	101818L1-L1	False	0.029758562605277934	male	Lesional	L	5	T/NK	T cells FOS hi	BCH01101818L1-L1	BCH01-L1	CTTTGCGCAAACAACA	BCH01	2 - Mild	nan	Male	Caucasion	nan	nan	nan	nan	nan	nan	nan	nan	antecubital fossa	Left	0.36548424	0.02865088	0.057616927	T/NK	BCH01Lesional	Pathological T cells	T FOS hi	Pathological T cells	Immune	L	1052	6.959398512133975	2123.588	7.661333	9.198799574717048	16.034846943778884	27.70440156128693	54.44726609811285	0.0	0.0	0.0	0.6584501139322918	0.20582243680953982	1.564876070022583	0.609000543373913	0.13085273146629334	CD8-like	True
GACTACAAGATCCGAG-1-BCH01-L1	True	-0.084183395	0.028428234	8250.0	v2	AD	0.0001095853024085022	BCH01	Yes	2.515873843711679	2.7737865	0.1	0.0033670033	592.0	328	594.0	3.9602476895643823	S	Th1 cells	101818L1-L1	False	0.02729257641921397	male	Lesional	L	5	T/NK	CD8 Effector IFNg low	BCH01101818L1-L1	BCH01-L1	GACTACAAGATCCGAG	BCH01	2 - Mild	nan	Male	Caucasion	nan	nan	nan	nan	nan	nan	nan	nan	antecubital fossa	Left	0.3469231	0.07641986	0.09291273	T/NK	BCH01Lesional	CD8 Effector IFNg low	CD8+ CTL	CD8+ CTL	Immune	L	255	5.545177444479562	887.7147	6.7897763	24.311985236838325	42.77247940947353	79.69346087920293	100.0	0.0	0.0	0.0	1.3775818951924643	-0.19314361572265626	-0.07098302364349365	0.5739378380416026	-0.16405641555786132	CD8-like	False
GATCGATCAGCTTCGG-1-BCH01-L1	True	0.7596704	-0.06425972	3139.5	v2	AD	0.0	BCH01	Yes	3.0831441431430524	3.5233562	0.1	0.0014983518	3332.0	1211	3337.0	4.0	G2M	Th1 cells	101818L1-L1	False	0.05330490405117272	male	Lesional	L	5	T/NK	Proliferating T cells FOS hi	BCH01101818L1-L1	BCH01-L1	GATCGATCAGCTTCGG	BCH01	2 - Mild	nan	Male	Caucasion	nan	nan	nan	nan	nan	nan	nan	nan	antecubital fossa	Left	0.26227036	0.124808066	0.14225397	T/NK	BCH01Lesional	Proliferating T cells FOS hi	T FOS hi cycling	T FOS hi cycling	Immune	L	1122	7.023758954738443	2199.0847	7.696251	8.840216836812576	15.543724011139648	26.986738222130203	53.23406752066203	0.0	0.0	0.0	0.805259583791097	0.41192154407501225	-0.366362190246582	0.27914621434619075	0.05866854310035707	CD4-like	False
GCAAACTTCACTCTTA-1-BCH01-L1	True	-0.054377273	0.011132628	6017.0	v2	AD	0.0	BCH01	Yes	2.756636108245848	3.1152775	0.1	0.013803681	1286.0	571	1304.0	4.0	S	Th1 cells	101818L1-L1	False	0.05196629213483146	male	Lesional	L	5	T/NK	T cells FOS hi	BCH01101818L1-L1	BCH01-L1	GCAAACTTCACTCTTA	BCH01	2 - Mild	nan	Male	Caucasion	nan	nan	nan	nan	nan	nan	nan	nan	antecubital fossa	Left	0.1041584	0.009954013	0.017831214	T/NK	BCH01Lesional	T cells FOS hi	T FOS hi	T FOS hi	Immune	L	486	6.18826412308259	1401.2332	7.2458215	14.368089032565615	25.354673845546976	44.6929380419094	100.00019165672956	0.0	0.0	0.0	0.7467381477355957	-0.37017318725585935	-0.13032157897949218	0.6600151162650717	-0.18603116989135743	CD8-like	False
GGAAAGCGTGCTAGCC-1-BCH01-L1	False	-0.09664522	-0.07134821	8892.5	v2	AD	0.0001095853024085022	BCH01	Yes	2.5024271199844326	2.6599162	0.1	0.010940919	452.0	318	457.0	3.9602476895643823	G1	Th1 cells	101818L1-L1	False	0.03910614525139665	male	Lesional	L	5	T/NK	T cells FOS hi	BCH01101818L1-L1	BCH01-L1	GGAAAGCGTGCTAGCC	BCH01	2 - Mild	nan	Male	Caucasion	nan	nan	nan	nan	nan	nan	nan	nan	antecubital fossa	Left	0.33728096	0.020562101	0.045734875	T/NK	BCH01Lesional	Pathological T cells	T FOS hi	Pathological T cells	Immune	L	262	5.572154032177765	922.74854	6.8284397	22.378103386475832	40.685212070709355	77.29945920446126	100.00028442383304	0.0	0.0	0.0	1.4153021558125816	-0.32079952239990234	1.5076159286499022	0.664357963638689	-0.12899110794067384	CD8-like	False
GGATGTTTCTCTAGGA-1-BCH01-L1	True	-0.07259741	0.08664064	4846.5	v2	AD	0.0	BCH01	Yes	2.9138138523837167	3.2855573	0.1	0.002072539	1926.0	820	1930.0	4.0	S	Th1 cells	101818L1-L1	False	0.06206896551724137	male	Lesional	L	5	T/NK	T cells FOS hi	BCH01101818L1-L1	BCH01-L1	GGATGTTTCTCTAGGA	BCH01	2 - Mild	nan	Male	Caucasion	nan	nan	nan	nan	nan	nan	nan	nan	antecubital fossa	Left	0.20507185	-0.0024416	0.009271644	T/NK	BCH01Lesional	Pathological T cells	T FOS hi	Pathological T cells	Immune	L	736	6.602587892189336	1779.7456	7.4847875	11.06118019247183	19.510705652313355	33.91262153635617	70.9022504613985	0.0	0.0	0.0	1.1863582102457682	-0.5510196304321289	-0.14586204528808594	0.44089528567826924	-0.2930624008178711	CD8-like	False
GGATTACAGAATTCCC-1-BCH01-L1	True	-0.11350844	-0.09293576	6604.0	v2	AD	0.0	BCH01	Yes	2.737987326333431	3.0342274	0.1	0.0	1082.0	547	1082.0	4.0	G1	Th1 cells	101818L1-L1	False	0.05752212389380531	male	Lesional	L	5	T/NK	T cells FOS hi	BCH01101818L1-L1	BCH01-L1	GGATTACAGAATTCCC	BCH01	2 - Mild	nan	Male	Caucasion	nan	nan	nan	nan	nan	nan	nan	nan	antecubital fossa	Left	0.26378933	0.0803813	0.09302528	T/NK	BCH01Lesional	T cells FOS hi	T FOS hi	T FOS hi	Immune	L	475	6.16541785423142	1362.6405	7.217913	14.383388136309133	25.821092807618935	45.60222580259373	100.00016125109347	0.0	0.0	0.0	2.272550786336263	0.8143688869476318	-0.0930604362487793	1.01789382426583	-0.12256961822509765	CD4-like	False
GGCGACTTCTTGTTTG-1-BCH01-L1	True	-0.1339504	-0.00020310283	4958.5	v2	AD	0.0	BCH01	Yes	2.846955325019824	3.2716093	0.1	0.0048154094	1860.0	703	1869.0	4.0	G1	Th1 cells	101818L1-L1	False	0.017391304347826087	male	Lesional	L	5	T/NK	T cells FOS hi	BCH01101818L1-L1	BCH01-L1	GGCGACTTCTTGTTTG	BCH01	2 - Mild	nan	Male	Caucasion	nan	nan	nan	nan	nan	nan	nan	nan	antecubital fossa	Left	0.58551174	0.089446455	0.13201934	T/NK	BCH01Lesional	Pathological T cells	T FOS hi	Pathological T cells	Immune	L	619	6.429719478039138	1532.9567	7.3356056	13.455796597234157	23.318389488944888	40.002191448858255	82.96044992228798	0.0	0.0	0.0	1.9270310974121094	0.4746847629547119	0.9356258630752563	0.6352011488909697	0.1878775072097778	CD8-like	True
GGGTTGCGTTATGTGC-1-BCH01-L1	True	-0.062104505	0.033495948	6090.0	v2	AD	0.0	BCH01	Yes	2.727541257028556	3.106191	0.1	0.02192639	1249.0	534	1277.0	4.0	S	NK_cell:IL2	101818L1-L1	False	0.031482541499713794	male	Lesional	L	5	T/NK	NK	BCH01101818L1-L1	BCH01-L1	GGGTTGCGTTATGTGC	BCH01	2 - Mild	nan	Male	Caucasion	nan	nan	nan	nan	nan	nan	nan	nan	antecubital fossa	Left	0.13358223	0.05542704	0.070526436	T/NK	BCH01Lesional	NK	NK	NK	Immune	L	449	6.1092475827643655	1302.929	7.173137	15.61982776534729	28.00638642449608	48.634984444766324	100.00005621357711	0.0	0.0	0.0	-0.07056112925211588	-0.2582283020019531	-0.08791744232177734	0.2542666880928691	-0.19220342636108398	CD8-like	False
GTATCTTCAGCTCCGA-1-BCH01-L1	True	0.40611959	0.35002276	6007.0	v2	AD	0.0	BCH01	Yes	2.909020854211156	3.1169395	0.1	0.0038197096	1304.0	811	1309.0	4.0	G2M	Th1 cells	101818L1-L1	False	0.041217501585288516	male	Lesional	L	5	T/NK	Proliferating T cells FOS hi	BCH01101818L1-L1	BCH01-L1	GTATCTTCAGCTCCGA	BCH01	2 - Mild	nan	Male	Caucasion	nan	nan	nan	nan	nan	nan	nan	nan	antecubital fossa	Left	0.3466281	0.06061914	0.08332591	T/NK	BCH01Lesional	Proliferating T cells FOS hi	T FOS hi cycling	T FOS hi cycling	Immune	L	733	6.598509028614515	1815.8547	7.5048623	10.547106897610854	18.647870727113602	32.481596840887654	70.48411788697052	0.0	0.0	0.0	1.4102502822875977	-0.3661140823364258	0.7774992513656616	0.22958834015544338	-0.21214252471923828	CD8-like	False
GTCATTTTCAAGCCTA-1-BCH01-L1	True	-0.07706962	0.16690303	7093.5	v2	AD	0.0	BCH01	Yes	2.7151673578484576	2.9576073	0.1	0.0011025359	906.0	519	907.0	4.0	S	Th1 cells	101818L1-L1	False	0.03610108303249097	male	Lesional	L	5	T/NK	Proliferating T cells FOS hi	BCH01101818L1-L1	BCH01-L1	GTCATTTTCAAGCCTA	BCH01	2 - Mild	nan	Male	Caucasion	nan	nan	nan	nan	nan	nan	nan	nan	antecubital fossa	Left	0.26066414	0.0032730475	0.024111629	T/NK	BCH01Lesional	Proliferating T cells FOS hi	T FOS hi cycling	T FOS hi cycling	Immune	L	452	6.115892125483034	1286.9335	7.1607943	15.258545354897782	27.2747735164735	47.935238739517644	99.9996111015889	0.0	0.0	0.0	1.591685651143392	-0.4319318771362305	-0.16229619979858398	0.2923288896455237	-0.15448993682861328	CD8-like	False
GTTAAGCAGCTAAGAT-1-BCH01-L1	True	-0.01710289	-0.08035354	6915.5	v2	AD	0.0	BCH01	Yes	2.6522463410033232	2.9863238	0.1	0.0020639836	967.0	449	969.0	4.0	G1	Th1 cells	101818L1-L1	False	0.04230769230769232	male	Lesional	L	5	T/NK	T cells FOS hi	BCH01101818L1-L1	BCH01-L1	GTTAAGCAGCTAAGAT	BCH01	2 - Mild	nan	Male	Caucasion	nan	nan	nan	nan	nan	nan	nan	nan	antecubital fossa	Left	0.29386812	0.01973563	0.037231237	T/NK	BCH01Lesional	Pathological T cells	T FOS hi	Pathological T cells	Immune	L	369	5.91350300563827	1163.3564	7.0599236	17.786718756967947	31.253152463551565	56.80950489730326	99.99968521270965	0.0	0.0	0.0	1.5617554346720377	-0.38018508911132814	1.0685168981552124	0.36255764434086013	-0.09823171615600586	CD8-like	False
GTTAAGCCATCACGTA-1-BCH01-L1	True	-0.13903624	-0.06687513	8189.5	v2	AD	0.0001095853024085022	BCH01	Yes	2.5563025007672873	2.7860413	0.1	0.0016366612	610.0	360	611.0	3.9602476895643823	G1	Th1 cells	101818L1-L1	False	0.031482541499713794	male	Lesional	L	5	T/NK	T cells FOS hi	BCH01101818L1-L1	BCH01-L1	GTTAAGCCATCACGTA	BCH01	2 - Mild	nan	Male	Caucasion	nan	nan	nan	nan	nan	nan	nan	nan	antecubital fossa	Left	0.21419534	0.026380029	0.040404845	T/NK	BCH01Lesional	Pathological T cells	T FOS hi	Pathological T cells	Immune	L	308	5.733341276897746	1007.3914	6.9161115	20.81126311209704	36.21156888456726	66.87911839037707	100.00006664613561	0.0	0.0	0.0	1.3684954643249512	1.0832190465927125	1.256680998802185	0.38780430860854875	-0.2253386688232422	CD8-like	True
TATCTCAGTAAACCTC-1-BCH01-L1	True	-0.093379945	-0.10820315	7485.5	v2	AD	0.0001095853024085022	BCH01	Yes	2.673941998634088	2.897077	0.1	0.0063371356	784.0	472	789.0	3.9602476895643823	G1	Th1 cells	101818L1-L1	False	0.03610108303249097	male	Lesional	L	5	T/NK	T cells FOS hi	BCH01101818L1-L1	BCH01-L1	TATCTCAGTAAACCTC	BCH01	2 - Mild	nan	Male	Caucasion	nan	nan	nan	nan	nan	nan	nan	nan	antecubital fossa	Left	0.29543936	-0.018779963	0.0068833306	T/NK	BCH01Lesional	Pathological T cells	T FOS hi	Pathological T cells	Immune	L	408	6.013715156042802	1238.1415	7.1221743	16.467609641616015	29.332873831296563	52.276723812919116	99.99999014085174	0.0	0.0	0.0	1.1349965222676595	-0.20971281051635743	2.5689816951751707	0.3047039017605422	-0.19226608276367188	CD8-like	False
TCACAAGAGACAATAC-1-BCH01-L1	True	1.0775185	0.4099507	3873.0	v2	AD	0.0	BCH01	Yes	3.1112625136590655	3.4132998	0.1	0.021235522	2535.0	1292	2590.0	4.0	G2M	Th1 cells	101818L1-L1	False	0.04938271604938272	male	Lesional	L	5	T/NK	Proliferating T cells FOS hi	BCH01101818L1-L1	BCH01-L1	TCACAAGAGACAATAC	BCH01	2 - Mild	nan	Male	Caucasion	nan	nan	nan	nan	nan	nan	nan	nan	antecubital fossa	Left	0.24276477	0.22742878	0.24199525	T/NK	BCH01Lesional	Proliferating T cells FOS hi	T FOS hi cycling	T FOS hi cycling	Immune	L	1207	7.0967213784947605	2364.4417	7.76872	8.0167679561605	13.962136679999611	24.228136988524884	48.967937533338386	0.0	0.0	0.0	0.123193842569987	-0.4206740570068359	-0.2918999481201172	0.49316734333134177	-0.2902107810974121	CD8-like	False
TGACTTTAGAAACCTA-1-BCH01-L1	True	-0.13018468	-0.11541302	7663.0	v2	AD	0.0001095853024085022	BCH01	Yes	2.6848453616444123	2.8692317	0.1	0.009459459	733.0	484	740.0	3.9602476895643823	G1	Th1 cells	101818L1-L1	False	0.022039979497693495	male	Lesional	L	5	T/NK	T cells FOS hi	BCH01101818L1-L1	BCH01-L1	TGACTTTAGAAACCTA	BCH01	2 - Mild	nan	Male	Caucasion	nan	nan	nan	nan	nan	nan	nan	nan	antecubital fossa	Left	0.28522313	0.03108944	0.061444145	T/NK	BCH01Lesional	Pathological T cells	T FOS hi	Pathological T cells	Immune	L	413	6.025865973825314	1263.2118	7.1422043	15.616668254701146	27.603333693459607	50.733290221257334	100.00021259690794	0.0	0.0	0.0	0.36958134333292647	-0.4760206985473633	1.2346090793609619	0.3178523006151669	-0.24467891693115235	CD8-like	True
TGAGGGAAGCTAACTC-1-BCH01-L1	True	-0.10102968	0.033527464	4420.5	v2	AD	0.0	BCH01	Yes	2.9143431571194407	3.3471348	0.1	0.0004496403	2223.0	821	2224.0	4.0	S	Th1 cells	101818L1-L1	False	0.0289210233592881	male	Lesional	L	5	T/NK	T cells FOS hi	BCH01101818L1-L1	BCH01-L1	TGAGGGAAGCTAACTC	BCH01	2 - Mild	nan	Male	Caucasion	nan	nan	nan	nan	nan	nan	nan	nan	antecubital fossa	Left	0.23798203	0.039122686	0.04894454	T/NK	BCH01Lesional	T cells FOS hi	T FOS hi	T FOS hi	Immune	L	737	6.6039438246004725	1742.4589	7.4636264	11.498098561908495	19.86812777406167	34.979959641860034	71.30417713193793	0.0	0.0	0.0	0.5755524190266926	0.3910833692550659	1.0147781419754027	0.39406867913864363	-0.23514362335205077	CD8-like	False
TGGCTGGCAGGTCTCG-1-BCH01-L1	True	-0.1743226	-0.08255419	3770.0	v2	AD	0.0	BCH01	Yes	3.061829307294699	3.4295907	0.1	0.023056898	2627.0	1153	2689.0	4.0	G1	Th1 cells	101818L1-L1	False	0.08228980322003578	male	Lesional	L	5	T/NK	T cells FOS hi	BCH01101818L1-L1	BCH01-L1	TGGCTGGCAGGTCTCG	BCH01	2 - Mild	nan	Male	Caucasion	nan	nan	nan	nan	nan	nan	nan	nan	antecubital fossa	Left	0.14270867	0.014778316	0.025173046	T/NK	BCH01Lesional	Pathological T cells	T FOS hi	Pathological T cells	Immune	L	1047	6.954638864880987	2224.5671	7.707767	8.536861242492114	15.18034072920334	26.656360928172763	53.11717219696058	0.0	0.0	0.0	0.41682276407877605	-0.4478571701049805	-0.2511991882324219	0.34989133863592864	-0.27873300552368163	CD8-like	False
TGGTTAGCATGTAAGA-1-BCH01-L1	True	-0.14704806	-0.040541008	4122.5	v2	AD	0.0	BCH01	Yes	2.9763499790032735	3.3825574	0.1	0.0012432657	2410.0	947	2413.0	4.0	G1	Th1 cells	101818L1-L1	False	0.02729257641921397	male	Lesional	L	5	T/NK	T cells FOS hi	BCH01101818L1-L1	BCH01-L1	TGGTTAGCATGTAAGA	BCH01	2 - Mild	nan	Male	Caucasion	nan	nan	nan	nan	nan	nan	nan	nan	antecubital fossa	Left	0.33319333	0.05733213	0.07950756	T/NK	BCH01Lesional	T cells FOS hi	T FOS hi	T FOS hi	Immune	L	863	6.761572768804055	1915.8005	7.5584126	10.39361236312375	18.300255902052506	31.751708870349376	62.9165672143352	0.0	0.0	0.0	1.663940989176432	-0.6273617553710937	2.0987704944610597	0.7177023403608619	0.16181264877319335	CD8-like	False
TGTTCCGCATCTCCCA-1-BCH01-L1	False	-0.081673555	-0.039312247	9135.5	v2	AD	0.0001095853024085022	BCH01	Yes	2.4653828514484184	2.61595	0.1	0.01937046	405.0	292	413.0	3.9602476895643823	G1	Th1 cells	101818L1-L1	False	0.01214574898785425	male	Lesional	L	5	T/NK	T cells FOS hi	BCH01101818L1-L1	BCH01-L1	TGTTCCGCATCTCCCA	BCH01	2 - Mild	nan	Male	Caucasion	nan	nan	nan	nan	nan	nan	nan	nan	antecubital fossa	Left	0.2459872	0.02187214	0.04093836	T/NK	BCH01Lesional	Pathological T cells	T FOS hi	Pathological T cells	Immune	L	243	5.497168225293202	863.2567	6.76187	23.906852702440144	43.62011605541677	83.04668518342022	100.00009191444208	0.0	0.0	0.0	2.7761318715413412	-0.194769287109375	1.558154296875	0.6002939502198492	-0.064923095703125	CD8-like	False
TGTTCCGGTCTAGTGT-1-BCH01-L1	True	-0.07984669	-0.022723041	6489.5	v2	AD	0.0	BCH01	Yes	2.7058637122839193	3.048442	0.1	0.016994633	1099.0	508	1118.0	4.0	G1	Th1 cells	101818L1-L1	False	0.36756756756756764	male	Lesional	L	5	T/NK	T cells FOS hi	BCH01101818L1-L1	BCH01-L1	TGTTCCGGTCTAGTGT	BCH01	2 - Mild	nan	Male	Caucasion	nan	nan	nan	nan	nan	nan	nan	nan	antecubital fossa	Left	0.2520749	0.018606134	0.040478382	T/NK	BCH01Lesional	T cells FOS hi	T FOS hi	T FOS hi	Immune	L	424	6.052089168924417	1284.6578	7.1590257	15.380176876771499	27.4548251286567	49.84523377515468	99.99972443772705	0.0	0.0	0.0	1.6533175659179689	0.9352588272094726	-0.04624908447265625	0.25753502007105844	-0.20393104553222657	CD4-like	False
TTAGGACTCACTTCAT-1-BCH01-L1	True	-0.021479685	-0.08842208	8088.0	v2	AD	0.0001095853024085022	BCH01	Yes	2.6180480967120925	2.803457	0.1	0.006289308	632.0	415	636.0	3.9602476895643823	G1	Th1 cells	101818L1-L1	False	0.016159695817490497	male	Lesional	L	5	T/NK	T cells FOS hi	BCH01101818L1-L1	BCH01-L1	TTAGGACTCACTTCAT	BCH01	2 - Mild	nan	Male	Caucasion	nan	nan	nan	nan	nan	nan	nan	nan	antecubital fossa	Left	0.18724972	0.0155039355	0.0339245	T/NK	BCH01Lesional	Pathological T cells	T FOS hi	Pathological T cells	Immune	L	362	5.8944028342648505	1129.8866	7.0307574	18.065504276920834	31.542797568083664	57.67131316459731	99.99951383280711	0.0	0.0	0.0	0.7940222454071044	-0.3277123260498047	-0.11290937423706054	0.9312938105520892	-0.19681093215942383	CD8-like	False
TTATGCTTCTACTCAT-1-BCH01-L1	True	-0.085856244	-0.027264118	6590.0	v2	AD	0.0	BCH01	Yes	2.828015064223977	3.0358298	0.1	0.0	1086.0	673	1086.0	4.0	G1	Th1 cells	101818L1-L1	False	0.016770483948251078	male	Lesional	L	5	T/NK	T cells FOS hi	BCH01101818L1-L1	BCH01-L1	TTATGCTTCTACTCAT	BCH01	2 - Mild	nan	Male	Caucasion	nan	nan	nan	nan	nan	nan	nan	nan	antecubital fossa	Left	0.24055034	0.042218924	0.056964673	T/NK	BCH01Lesional	Pathological T cells	T FOS hi	Pathological T cells	Immune	L	611	6.416732282512326	1609.4578	7.3842735	11.919951777128116	21.609307514857278	36.95003229142451	82.9721762827356	0.0	0.0	0.0	1.6426080576578774	0.767626166343689	1.022200026512146	0.8094673324469945	-0.2471487045288086	CD8-like	False
TTGGCAACAATGCCAT-1-BCH01-L1	True	-0.036670603	-0.023251023	7481.0	v2	AD	0.0001095853024085022	BCH01	Yes	2.593286067020457	2.897627	0.1	0.0	790.0	392	790.0	3.9602476895643823	G1	Th1 cells	101818L1-L1	False	0.038083538083538086	male	Lesional	L	5	T/NK	T cells FOS hi	BCH01101818L1-L1	BCH01-L1	TTGGCAACAATGCCAT	BCH01	2 - Mild	nan	Male	Caucasion	nan	nan	nan	nan	nan	nan	nan	nan	antecubital fossa	Left	0.13012834	0.043732625	0.051655617	T/NK	BCH01Lesional	T cells FOS hi	T FOS hi	T FOS hi	Immune	L	321	5.7745515455444085	1045.0333	6.9527607	20.344695298512878	35.61561728358288	64.7489798662218	100.00035043097755	0.0	0.0	0.0	0.5034102121988933	-0.4091955184936523	0.0	0.31180853699918964	-0.1577177143096924	CD8-like	False
TTGTAGGCAGATGGCA-1-BCH01-L1	True	-0.105434015	-0.11024065	6117.0	v2	AD	0.0	BCH01	Yes	2.8394780473741985	3.1020906	0.1	0.0039525693	1260.0	691	1265.0	4.0	G1	Th1 cells	101818L1-L1	False	0.04938271604938272	male	Lesional	L	5	T/NK	T cells FOS hi	BCH01101818L1-L1	BCH01-L1	TTGTAGGCAGATGGCA	BCH01	2 - Mild	nan	Male	Caucasion	nan	nan	nan	nan	nan	nan	nan	nan	antecubital fossa	Left	0.119222544	0.0024330989	0.018559948	T/NK	BCH01Lesional	T cells FOS hi	T FOS hi	T FOS hi	Immune	L	610	6.415096959171596	1610.1282	7.38469	12.099472032866789	21.736984575308288	37.504005810367765	83.23251743811606	0.0	0.0	0.0	1.0893644968668619	-0.37829113006591797	0.9636636972427368	0.3069093047673978	-0.22409048080444335	CD8-like	False
AAGTCTGTCCACGTTC-1-BCH01-L1	True	-0.058612972	-0.059820727	7449.5	v2	AD	0.0001095853024085022	BCH01	Yes	2.6085260335771943	2.9020028	0.1	0.021303259	781.0	406	798.0	3.9602476895643823	G1	Myeloid dendritic cells	101818L1-L1	False	0.09909909909909911	male	Lesional	L	18	DC	DC2 CD83+	BCH01101818L1-L1	BCH01-L1	AAGTCTGTCCACGTTC	BCH01	2 - Mild	nan	Male	Caucasion	nan	nan	nan	nan	nan	nan	nan	nan	antecubital fossa	Left	0.11848395	0.04447624	0.055695396	DC	BCH01Lesional	DC2 CD83+	DC 2 CD83+	DC 2 CD83+	Immune	L	330	5.802118375377063	1055.6826	6.9628897	19.941710183816767	34.6017338097527	63.035932768301286	100.00039314889486	0.0	0.0	0.0	0.3770787779490153	0.9443659162521363	0.0	0.35022518431121985	-0.16405050277709962	CD4-like	False
ATGTGTGCAGTAAGAT-1-BCH01-L1	True	-0.07455636	-0.07108687	3251.5	v2	AD	0.0	BCH01	Yes	2.9885589568786157	3.505557	0.1	0.014049329	3158.0	974	3203.0	4.0	G1	DC:monocyte-derived:Schuler_treatment	101818L1-L1	False	0.2879120879120878	male	Lesional	L	37	DC	mmDC LAMP3+	BCH01101818L1-L1	BCH01-L1	ATGTGTGCAGTAAGAT	BCH01	2 - Mild	nan	Male	Caucasion	nan	nan	nan	nan	nan	nan	nan	nan	antecubital fossa	Left	0.2138674	0.034112222	0.04603461	DC	BCH01Lesional	mmDC LAMP3+	mmDC	mmDC	Immune	L	883	6.784457062637643	1855.0938	7.5262294	11.018757260082586	18.970582225968876	32.28137466096035	62.65044036083774	0.0	0.0	0.0	0.04801906267801914	0.1976705622673035	-0.08562545776367188	0.30043679937046375	0.06776127219200134	CD4-like	False
CTGTGCTTCTGACCTC-1-BCH01-L1	True	-0.10283412	0.004621066	7619.0	v2	AD	0.0001095853024085022	BCH01	Yes	2.617000341120899	2.8773713	0.1	0.010610079	746.0	414	754.0	3.9602476895643823	S	Myeloid dendritic cells	101818L1-L1	False	0.3881019830028328	male	Lesional	L	18	Macrophages	MΦ STAB1 hi	BCH01101818L1-L1	BCH01-L1	CTGTGCTTCTGACCTC	BCH01	2 - Mild	nan	Male	Caucasion	nan	nan	nan	nan	nan	nan	nan	nan	antecubital fossa	Left	0.118120916	0.013937581	0.028075773	Macrophages	BCH01Lesional	MΦ STAB1 hi	MΦ STAB1 hi	MΦ STAB1 hi	Immune	L	346	5.849324779946859	1093.5026	6.9980555	19.249865705971317	33.700673457203855	60.651693310393576	100.00012279586996	0.0	0.0	0.0	2.0569283167521157	-0.3046599960327148	-0.1600537872314453	0.3547103606276776	-0.18458194732666017	CD8-like	False
