Cell,CHD1(+),CXXC1(+),DBP(+),ELF1(+),ELK3(+),EOMES(+),ETS1(+),FLI1(+),FOSB(+),FOXK1(+),FOXP4(+),IKZF3(+),KDM5A(+),KDM5B(+),KLF2(+),NFATC2(+),POU2F1(+),RBBP5(+),REL(+),RFX2(+),RORA(+),RUNX2(+),RUNX3(+),SP2(+),SP3(+),TCF7(+),XRCC4(+),ZBTB49(+),ZNF182(+),ZNF195(+),ZNF528(+),ZNF740(+)
AACTTTCCAAGCCGCT-1-BCH01-L1,0.0,0.04035087719298246,0.3283333333333333,0.014285714285714285,0.031949685534591196,0.03901960784313725,0.024794007490636705,0.03242105263157895,0.05722222222222222,0.0,0.0,0.0,0.0696969696969697,0.012043010752688172,0.04276422764227642,0.014424242424242424,0.0,0.01702127659574468,0.017137014314928426,0.0,0.021111111111111112,0.0,0.0,0.03209876543209877,0.0,0.0,0.006794871794871795,0.04083333333333333,0.23833333333333334,0.09833333333333333,0.0,0.11433333333333333
AAGGAGCCAAGACACG-1-BCH01-L1,0.0,0.0,0.22416666666666665,0.011575091575091576,0.023773584905660377,0.04254901960784314,0.05048689138576779,0.047087719298245616,0.0636111111111111,0.0,0.0,0.06307692307692307,0.0,0.0,0.01056910569105691,0.032484848484848484,0.06869565217391305,0.01475177304964539,0.01378323108384458,0.0,0.17761904761904762,0.0584,0.0,0.08148148148148149,0.0,0.0,0.05237179487179487,0.042916666666666665,0.0,0.0,0.11444444444444445,0.0
AAGGCAGCAATCCAAC-1-BCH01-L1,0.0,0.04070175438596491,0.0,0.016214896214896215,0.046457023060796646,0.019411764705882354,0.04599250936329588,0.03929824561403509,0.04694444444444444,0.0,0.08962962962962963,0.0,0.4812121212121212,0.013763440860215054,0.05943089430894309,0.05454545454545454,0.02608695652173913,0.031063829787234043,0.04670756646216769,0.12285714285714286,0.017777777777777778,0.026133333333333335,0.0,0.0,0.0,0.0,0.022820512820512822,0.16166666666666665,0.21,0.0,0.0,0.10333333333333333
AAGTCTGTCCACGTTC-1-BCH01-L1,0.045625,0.0,0.09166666666666666,0.01912087912087912,0.02352201257861635,0.020588235294117647,0.02958801498127341,0.013754385964912281,0.51,0.15444444444444444,0.0,0.0,0.0,0.0,0.04943089430894309,0.0,0.0,0.0,0.0167280163599182,0.0,0.018571428571428572,0.025866666666666666,0.029111111111111112,0.052098765432098765,0.0,0.0,0.006217948717948718,0.08208333333333333,0.0,0.0,0.2288888888888889,0.07233333333333333
ACATGGTTCTCTAAGG-1-BCH01-L1,0.0,0.09719298245614034,0.0,0.012380952380952381,0.03761006289308176,0.07235294117647059,0.009288389513108614,0.007929824561403509,0.03138888888888889,0.0,0.0,0.06717948717948719,0.0,0.03,0.03105691056910569,0.017454545454545455,0.0,0.018865248226950355,0.04670756646216769,0.0,0.04396825396825397,0.03306666666666667,0.05977777777777778,0.03259259259259259,0.1319047619047619,0.0,0.02532051282051282,0.10041666666666667,0.0,0.1175,0.0,0.087
ACGAGCCAGTACGACG-1-BCH01-L1,0.0,0.0,0.0,0.01282051282051282,0.04041928721174004,0.17470588235294118,0.009662921348314606,0.031719298245614036,0.028333333333333332,0.0,0.09407407407407407,0.0,0.0,0.027741935483870966,0.03861788617886179,0.015272727272727273,0.0,0.0,0.01824130879345603,0.0,0.0,0.0,0.029111111111111112,0.0,0.0,0.0,0.006923076923076923,0.04416666666666667,0.0,0.0,0.0,0.077
ACGGAGATCAACACAC-1-BCH01-L1,0.0,0.04807017543859649,0.08333333333333333,0.0315995115995116,0.06574423480083857,0.0603921568627451,0.04868913857677903,0.054947368421052634,0.022222222222222223,0.0,0.06888888888888889,0.0,0.0,0.04172043010752688,0.056016260162601625,0.039757575757575755,0.1255072463768116,0.01858156028368794,0.07267893660531698,0.0,0.019523809523809523,0.028533333333333334,0.024444444444444446,0.05333333333333334,0.12857142857142856,0.0,0.0616025641025641,0.07458333333333333,0.0,0.0825,0.11444444444444445,0.031
ACTGAACCACCCATTC-1-BCH01-L1,0.025416666666666667,0.0,0.0,0.01772893772893773,0.021425576519916143,0.17176470588235293,0.009812734082397004,0.01726315789473684,0.06277777777777778,0.0,0.0,0.06820512820512821,0.0,0.0,0.06,0.017696969696969697,0.0,0.019148936170212766,0.020368098159509202,0.0,0.0,0.03253333333333333,0.056666666666666664,0.030864197530864196,0.0,0.19466666666666665,0.03314102564102564,0.10708333333333334,0.0,0.0,0.15,0.11833333333333333
ACTGATGGTACCGCTG-1-BCH01-L1,0.03770833333333334,0.0,0.0,0.020683760683760682,0.03522012578616352,0.0196078431372549,0.04794007490636704,0.058035087719298245,0.06444444444444444,0.0,0.08814814814814814,0.05076923076923077,0.0,0.02064516129032258,0.041707317073170734,0.049212121212121214,0.09884057971014493,0.05375886524822695,0.05574642126789366,0.0,0.06507936507936508,0.0696,0.021777777777777778,0.0,0.0,0.0,0.020128205128205127,0.07916666666666666,0.17166666666666666,0.0,0.10222222222222223,0.06333333333333334
AGAATAGCACTTACGA-1-BCH01-NL1,0.0,0.0,0.0,0.009621489621489622,0.022851153039832286,0.0,0.029662921348314608,0.008421052631578947,0.03333333333333333,0.0,0.10518518518518519,0.0,0.0,0.0,0.02065040650406504,0.0,0.036231884057971016,0.0,0.022004089979550102,0.0,0.0,0.0344,0.0,0.0,0.0,0.0,0.017628205128205128,0.05333333333333334,0.0,0.0,0.0,0.04733333333333333
AGCAGCCTCTGTCAAG-1-BCH01-NL1,0.049166666666666664,0.05543859649122807,0.03666666666666667,0.026275946275946278,0.028427672955974842,0.05647058823529412,0.03198501872659176,0.035298245614035086,0.029166666666666667,0.0,0.05333333333333334,0.0,0.08848484848484849,0.018494623655913978,0.026991869918699188,0.02181818181818182,0.04144927536231884,0.02156028368794326,0.05006134969325153,0.7209523809523809,0.013174603174603174,0.060533333333333335,0.03177777777777778,0.025185185185185185,0.0,0.0,0.04352564102564103,0.034166666666666665,0.0,0.0,0.0,0.030333333333333334
AGCCTAAAGGGCTTCC-1-BCH01-L1,0.024791666666666667,0.0,0.0,0.017948717948717947,0.016310272536687632,0.0,0.008913857677902622,0.007578947368421052,0.03,0.0,0.0,0.062051282051282054,0.0,0.014731182795698924,0.0,0.014666666666666666,0.0,0.03645390070921986,0.0098159509202454,0.0,0.20476190476190476,0.06266666666666666,0.051333333333333335,0.05604938271604938,0.0,0.0,0.007628205128205128,0.0525,0.0,0.0,0.0,0.0
AGCTCCTTCAAGGCTT-1-BCH01-L1,0.02125,0.0,0.10333333333333333,0.018632478632478633,0.02410901467505241,0.0,0.058576779026217225,0.048842105263157895,0.05138888888888889,0.0,0.0,0.0,0.0,0.014086021505376344,0.03780487804878049,0.028363636363636365,0.10666666666666667,0.0,0.047075664621676894,0.0,0.08301587301587302,0.08426666666666667,0.02266666666666667,0.0817283950617284,0.0,0.0,0.029102564102564104,0.12875,0.0,0.0,0.11555555555555555,0.032
AGGCCGTTCCAATGGT-1-BCH01-L1,0.025625,0.04596491228070176,0.1025,0.017826617826617826,0.03685534591194969,0.04784313725490196,0.04546816479400749,0.02449122807017544,0.03,0.0,0.0,0.0,0.0,0.02956989247311828,0.01040650406504065,0.014909090909090908,0.1063768115942029,0.07177304964539007,0.030593047034764825,0.0,0.040317460317460314,0.0344,0.0,0.029382716049382716,0.062380952380952384,0.0,0.03128205128205128,0.04875,0.0,0.09833333333333333,0.0,0.0
ATCATCTGTGTTCTTT-1-BCH01-L1,0.01,0.0,0.0,0.07225885225885226,0.06935010482180294,0.01803921568627451,0.07565543071161049,0.05136842105263158,0.0125,0.0,0.057777777777777775,0.0,0.14424242424242426,0.05473118279569893,0.037967479674796745,0.0343030303030303,0.10753623188405798,0.004964539007092199,0.05460122699386503,0.11428571428571428,0.030476190476190476,0.14293333333333333,0.06466666666666666,0.01654320987654321,0.0,0.0,0.371474358974359,0.01375,0.0,0.024166666666666666,0.0,0.042333333333333334
ATGAGGGCAGTGGGAT-1-BCH01-L1,0.051666666666666666,0.0,0.0,0.017411477411477413,0.05429769392033543,0.15235294117647058,0.03400749063670412,0.024350877192982456,0.12611111111111112,0.0,0.0,0.07230769230769231,0.08242424242424243,0.0,0.06284552845528456,0.013939393939393939,0.034782608695652174,0.0,0.06997955010224949,0.0,0.058095238095238096,0.09573333333333334,0.025111111111111112,0.02962962962962963,0.0,0.0,0.029038461538461537,0.042083333333333334,0.0,0.08666666666666667,0.0,0.14566666666666667
ATGGGAGCAGTGGGAT-1-BCH01-L1,0.024166666666666666,0.0,0.0,0.023174603174603174,0.01928721174004193,0.022549019607843137,0.04644194756554307,0.16589473684210526,0.06,0.0,0.08814814814814814,0.0,0.0,0.013440860215053764,0.02195121951219512,0.0,0.8715942028985507,0.03673758865248227,0.019591002044989776,0.0,0.03777777777777778,0.03626666666666667,0.0,0.031358024691358025,0.0,0.0,0.015833333333333335,0.09458333333333334,0.0,0.0,0.0,0.076
ATGTGTGCAGTAAGAT-1-BCH01-L1,0.058125,0.06842105263157895,0.06416666666666666,0.029352869352869352,0.0529979035639413,0.07647058823529412,0.05078651685393258,0.07529824561403509,0.017777777777777778,0.0,0.0,0.14205128205128206,0.06909090909090909,0.0278494623655914,0.048373983739837395,0.03345454545454545,0.021739130434782608,0.025390070921985815,0.03296523517382413,0.0,0.011904761904761904,0.10533333333333333,0.07466666666666667,0.06691358024691359,0.0,0.0,0.05416666666666667,0.09125,0.19,0.07083333333333333,0.19333333333333333,0.04766666666666667
CACAAACGTGAGTATA-1-BCH01-L1,0.050416666666666665,0.0,0.0,0.011697191697191698,0.010020964360587001,0.023529411764705882,0.009288389513108614,0.025333333333333333,0.07,0.0,0.0,0.0,0.0,0.0,0.04154471544715447,0.03357575757575758,0.1072463768115942,0.018439716312056736,0.02932515337423313,0.0,0.03841269841269841,0.03306666666666667,0.0,0.09728395061728395,0.06285714285714286,0.0,0.007948717948717949,0.05416666666666667,0.0,0.1,0.0,0.046
CACACCTGTTTGACTG-1-BCH01-L1,0.0,0.0,0.0,0.020244200244200244,0.024863731656184485,0.0,0.017827715355805244,0.024210526315789474,0.06972222222222223,0.0,0.09111111111111111,0.0,0.0,0.0,0.05227642276422764,0.046181818181818185,0.10579710144927536,0.0,0.0301840490797546,0.0,0.020476190476190478,0.03573333333333333,0.0,0.03234567901234568,0.0,0.0,0.017243589743589742,0.14583333333333334,0.0,0.0,0.13777777777777778,0.125
CACACTCTCAACACCA-1-BCH01-L1,0.023541666666666666,0.0,0.0,0.021343101343101342,0.018574423480083858,0.0,0.04239700374531835,0.03270175438596491,0.02861111111111111,0.0,0.0,0.0,0.0,0.02838709677419355,0.0183739837398374,0.0,0.03159420289855072,0.01730496453900709,0.032760736196319015,0.0,0.0,0.0296,0.0,0.05555555555555555,0.0,0.0,0.016217948717948717,0.8433333333333334,0.0,0.0,0.2577777777777778,0.0
CACCAGGCAAGTAATG-1-BCH01-L1,0.2075,0.03894736842105263,0.0,0.12810744810744812,0.29618448637316563,0.06529411764705882,0.1002247191011236,0.04814035087719298,0.01861111111111111,0.0,0.1,0.0,0.0,0.047526881720430104,0.02853658536585366,0.023878787878787878,0.07333333333333333,0.04099290780141844,0.25533742331288345,0.0,0.032063492063492065,0.1528,0.094,0.08074074074074074,0.0,0.0,0.0757051282051282,0.10083333333333333,0.0,0.075,0.09111111111111111,0.07266666666666667
CAGAGAGCATGACATC-1-BCH01-L1,0.036458333333333336,0.12771929824561404,0.0,0.12468864468864468,0.05861635220125786,0.03705882352941176,0.3297378277153558,0.08056140350877193,0.035277777777777776,0.0,0.044444444444444446,0.3953846153846154,0.0,0.06817204301075269,0.04016260162601626,0.044848484848484846,0.058840579710144926,0.02397163120567376,0.05979550102249489,0.0,0.04015873015873016,0.1088,0.40244444444444444,0.05135802469135802,0.03619047619047619,0.0,0.05442307692307692,0.0525,0.0,0.1075,0.14444444444444443,0.03833333333333333
CATATGGGTAGGAGTC-1-BCH01-L1,0.027083333333333334,0.0,0.0,0.020244200244200244,0.03337526205450734,0.18176470588235294,0.0,0.014596491228070175,0.09222222222222222,0.0,0.0,0.0,0.0,0.014731182795698924,0.04666666666666667,0.014787878787878787,0.03159420289855072,0.016453900709219857,0.04482617586912065,0.0,0.020634920634920634,0.028266666666666666,0.0,0.0,0.0,0.0,0.02314102564102564,0.043333333333333335,0.0,0.0,0.0,0.11066666666666666
CATATTCCATCGTCGG-1-BCH01-L1,0.043333333333333335,0.0,0.09416666666666666,0.08139194139194139,0.04004192872117401,0.022549019607843137,0.04741573033707865,0.048842105263157895,0.02638888888888889,0.0,0.15851851851851853,0.0,0.0,0.06913978494623656,0.05292682926829268,0.05624242424242424,0.0,0.0,0.04797546012269939,0.0,0.03492063492063492,0.057866666666666663,0.07533333333333334,0.027654320987654323,0.0,0.0,0.03576923076923077,0.26166666666666666,0.0,0.18583333333333332,0.13,0.07133333333333333
CATATTCCATGATCCA-1-BCH01-L1,0.022083333333333333,0.09157894736842105,0.0,0.08862026862026862,0.0459958071278826,0.06725490196078432,0.05460674157303371,0.04035087719298246,0.08777777777777777,0.0,0.08074074074074074,0.06923076923076923,0.0,0.027204301075268816,0.018211382113821138,0.027878787878787878,0.06202898550724638,0.017872340425531916,0.0485480572597137,0.0,0.03777777777777778,0.05973333333333333,0.049777777777777775,0.029382716049382716,0.12428571428571429,0.0,0.03051282051282051,0.043333333333333335,0.0,0.09166666666666666,0.2544444444444444,0.07
CATCAAGGTCTCACCT-1-BCH01-L1,0.0475,0.0,0.09833333333333333,0.02363858363858364,0.02989517819706499,0.09019607843137255,0.05340823970037453,0.032912280701754386,0.028888888888888888,0.0,0.0,0.0,0.0,0.0,0.04707317073170732,0.059272727272727276,0.0327536231884058,0.018156028368794326,0.03685071574642127,0.0,0.05793650793650794,0.0,0.0,0.0,0.0,0.0,0.0425,0.04833333333333333,0.0,0.1025,0.13555555555555557,0.037333333333333336
CATGCCTGTCTAGAGG-1-BCH01-L1,0.020625,0.0,0.0,0.020708180708180708,0.01710691823899371,0.04196078431372549,0.02696629213483146,0.05319298245614035,0.07805555555555556,0.0,0.0,0.0,0.0,0.0,0.05504065040650406,0.05733333333333333,0.11710144927536231,0.017163120567375886,0.03856850715746421,0.0,0.03666666666666667,0.08373333333333334,0.023555555555555555,0.10691358024691358,0.0,0.0,0.02294871794871795,0.12958333333333333,0.0,0.0,0.7411111111111112,0.060333333333333336
CCATGTCAGTACGCGA-1-BCH01-L1,0.0725,0.0,0.0,0.04869352869352869,0.16821802935010483,0.0919607843137255,0.040749063670411985,0.028912280701754386,0.050277777777777775,0.0,0.0,0.0,0.0,0.026344086021505377,0.007967479674796748,0.07066666666666667,0.05565217391304348,0.03943262411347518,0.17541922290388548,0.0,0.07825396825396826,0.0592,0.026222222222222223,0.09037037037037036,0.0,0.0,0.029615384615384616,0.12333333333333334,0.0,0.08666666666666667,0.1111111111111111,0.029666666666666668
CCGGTAGAGAAGGGTA-1-BCH01-NL1,0.0,0.043859649122807015,0.0,0.008766788766788767,0.01060796645702306,0.04627450980392157,0.009363295880149813,0.016350877192982456,0.060833333333333336,0.0,0.17407407407407408,0.0641025641025641,0.0,0.0,0.038943089430894307,0.0,0.034492753623188405,0.018865248226950355,0.019754601226993865,0.0,0.0,0.0,0.027777777777777776,0.03037037037037037,0.0,0.0,0.0,0.04791666666666667,0.0,0.0,0.0,0.19166666666666668
CGAATGTAGGATTCGG-1-BCH01-NL1,0.055625,0.0,0.0,0.01719169719169719,0.021132075471698115,0.0,0.03805243445692884,0.016912280701754386,0.029166666666666667,0.0,0.08,0.0,0.0,0.0,0.03747967479674797,0.05612121212121212,0.0,0.01773049645390071,0.04433537832310838,0.0,0.04238095238095238,0.10266666666666667,0.02688888888888889,0.06,0.0,0.17733333333333334,0.02467948717948718,0.0,0.0,0.0,0.0,0.07466666666666667
CGATGTAAGACGACGT-1-BCH01-L1,0.043958333333333335,0.0,0.0,0.028986568986568987,0.04176100628930818,0.047058823529411764,0.03408239700374532,0.04463157894736842,0.02638888888888889,0.0,0.2562962962962963,0.0,0.0,0.0,0.025040650406504064,0.046181818181818185,0.1956521739130435,0.06028368794326241,0.024335378323108385,0.0,0.035873015873015876,0.06346666666666667,0.02422222222222222,0.0,0.0,0.0,0.020705128205128206,0.10791666666666666,0.0,0.0,0.14222222222222222,0.11533333333333333
CGATTGAGTTCACGGC-1-BCH01-NL1,0.024375,0.0,0.0,0.020805860805860808,0.019748427672955975,0.022549019607843137,0.017977528089887642,0.015859649122807018,0.030555555555555555,0.0,0.0,0.0,0.0,0.0,0.01056910569105691,0.029333333333333333,0.0336231884057971,0.0,0.03386503067484663,0.14095238095238094,0.0,0.0304,0.0,0.0,0.0,0.0,0.016025641025641024,0.051666666666666666,0.0,0.09583333333333334,0.0,0.04066666666666666
CGCCAAGGTATATGGA-1-BCH01-L1,0.0,0.0,0.0,0.009621489621489622,0.02247379454926625,0.0,0.010411985018726592,0.01775438596491228,0.03388888888888889,0.0,0.0,0.07025641025641026,0.0,0.014193548387096775,0.0,0.0,0.0,0.0,0.0318200408997955,0.0,0.0,0.0,0.05977777777777778,0.0345679012345679,0.0,0.0,0.0,0.0525,0.22666666666666666,0.0,0.0,0.0
CGGACACCAGATGAGC-1-BCH01-L1,0.36104166666666665,0.0,0.4775,0.04178266178266178,0.05077568134171908,0.01588235294117647,0.07595505617977528,0.02463157894736842,0.051944444444444446,0.0,0.0,0.0,0.0,0.038172043010752686,0.059268292682926826,0.24363636363636362,0.04666666666666667,0.07645390070921985,0.06658486707566462,0.0,0.25825396825396824,0.0752,0.07066666666666667,0.07012345679012345,0.0,0.0,0.03833333333333333,0.10416666666666667,0.0,0.0,0.21444444444444444,0.024333333333333332
CGGACGTAGTGCGATG-1-BCH01-NL1,0.02375,0.0,0.0,0.015042735042735043,0.0057861635220125785,0.0,0.00951310861423221,0.01592982456140351,0.06055555555555556,0.0,0.0,0.0,0.0,0.0,0.0,0.028727272727272726,0.07304347826086957,0.017872340425531916,0.015460122699386503,0.0,0.0,0.09573333333333334,0.025333333333333333,0.031358024691358025,0.0,0.0,0.023397435897435898,0.04708333333333333,0.0,0.0,0.0,0.037
CGGAGCTCAACGATGG-1-BCH01-L1,0.0,0.0,0.0,0.021855921855921855,0.03069182389937107,0.047058823529411764,0.030411985018726592,0.19789473684210526,0.06166666666666667,0.0,0.0,0.0,0.0,0.015161290322580645,0.05967479674796748,0.01709090909090909,0.03855072463768116,0.0,0.02474437627811861,0.0,0.02095238095238095,0.0,0.0,0.0,0.0,0.0,0.03397435897435897,0.0,0.0,0.0,0.14222222222222222,0.11833333333333333
CGGTTAAAGTCGATAA-1-BCH01-L1,0.06104166666666667,0.0,0.0,0.03926739926739927,0.056058700209643604,0.06705882352941177,0.26614232209737826,0.017473684210526315,0.024444444444444446,0.0,0.11333333333333333,0.0,0.0,0.0278494623655914,0.05365853658536585,0.02084848484848485,0.09565217391304348,0.02652482269503546,0.2517791411042945,0.0,0.0773015873015873,0.5837333333333333,0.06488888888888888,0.11901234567901235,0.0,0.0,0.3801923076923077,0.17083333333333334,0.0,0.06583333333333333,0.20666666666666667,0.051
CGTAGGCTCTACTATC-1-BCH01-L1,0.052083333333333336,0.0,0.10166666666666667,0.015457875457875457,0.01119496855345912,0.0,0.04816479400749064,0.05663157894736842,0.06638888888888889,0.0,0.0,0.0,0.0,0.0,0.04227642276422764,0.02993939393939394,0.0,0.0,0.026175869120654397,0.0,0.03968253968253968,0.03493333333333333,0.027333333333333334,0.03037037037037037,0.0,0.0,0.02519230769230769,0.1075,0.0,0.1175,0.29,0.0
CGTCTACAGATTACCC-1-BCH01-L1,0.024375,0.0,0.0,0.013504273504273504,0.03454926624737945,0.020588235294117647,0.04172284644194756,0.03936842105263158,0.05583333333333333,0.0,0.0,0.0,0.0,0.015053763440860216,0.017479674796747967,0.0,0.0,0.014893617021276596,0.018568507157464213,0.12095238095238095,0.018412698412698412,0.0288,0.0,0.09506172839506173,0.0,0.18266666666666667,0.03826923076923077,0.04416666666666667,0.0,0.0925,0.0,0.07066666666666667
CGTGAGCAGCCAGTTT-1-BCH01-L1,0.056875,0.0,0.0,0.00967032967032967,0.01551362683438155,0.02196078431372549,0.01940074906367041,0.017052631578947368,0.09555555555555556,0.0,0.0,0.0,0.0,0.0,0.011544715447154472,0.014303030303030304,0.0,0.05943262411347518,0.03067484662576687,0.0,0.06634920634920635,0.0,0.0,0.0,0.0,0.0,0.024487179487179486,0.0475,0.0,0.09333333333333334,0.0,0.07533333333333334
CGTGAGCTCATGTAGC-1-BCH01-L1,0.050833333333333335,0.0,0.0,0.018632478632478633,0.027756813417190777,0.023137254901960783,0.22719101123595506,0.0336140350877193,0.030555555555555555,0.0,0.0,0.0,0.0,0.014516129032258065,0.01959349593495935,0.014545454545454545,0.06869565217391305,0.01673758865248227,0.015991820040899794,0.0,0.03888888888888889,0.03546666666666667,0.0,0.0,0.0,0.35733333333333334,0.024294871794871796,0.050833333333333335,0.0,0.0,0.0,0.0
CGTGTCTTCAATAAGG-1-BCH01-L1,0.020833333333333332,0.0,0.08333333333333333,0.028815628815628817,0.03161425576519916,0.019019607843137255,0.03280898876404494,0.03866666666666667,0.085,0.0,0.0,0.06,0.08,0.024946236559139787,0.017154471544715447,0.012121212121212121,0.03130434782608696,0.04680851063829787,0.03619631901840491,0.0,0.032857142857142856,0.0696,0.05555555555555555,0.02493827160493827,0.11285714285714285,0.0,0.04467948717948718,0.04083333333333333,0.0,0.0,0.0,0.072
CTACATTCACCGCTAG-1-BCH01-L1,0.027916666666666666,0.0,0.0,0.01286935286935287,0.041928721174004195,0.0,0.03273408239700375,0.039649122807017545,0.04972222222222222,0.0,0.07629629629629629,0.0,0.0,0.013225806451612903,0.018048780487804877,0.08666666666666667,0.0953623188405797,0.019432624113475176,0.041431492842535785,0.12380952380952381,0.0,0.08666666666666667,0.027777777777777776,0.02617283950617284,0.0,0.0,0.01326923076923077,0.1275,0.0,0.0,0.0,0.06366666666666666
CTAGTGAAGCACACAG-1-BCH01-L1,0.025625,0.0,0.0,0.014920634920634921,0.03643605870020964,0.0,0.057378277153558054,0.0343859649122807,0.030833333333333334,0.0,0.0,0.07025641025641026,0.0,0.0,0.031138211382113822,0.0,0.034202898550724635,0.0,0.02932515337423313,0.0,0.042222222222222223,0.0,0.02822222222222222,0.0,0.0,0.17866666666666667,0.0075,0.20416666666666666,0.0,0.0,0.0,0.041
CTCCTAGGTGGGTCAA-1-BCH01-L1,0.05479166666666667,0.0,0.0,0.008815628815628815,0.052033542976939205,0.12529411764705883,0.0,0.025964912280701753,0.028888888888888888,0.0,0.09407407407407407,0.06307692307692307,0.0,0.0,0.009024390243902438,0.013818181818181818,0.0,0.0,0.14822085889570552,0.0,0.0,0.032266666666666666,0.027333333333333334,0.028395061728395062,0.0,0.0,0.015128205128205128,0.10125,0.0,0.09166666666666666,0.0,0.08033333333333334
CTCGGAGAGCAAATCA-1-BCH01-L1,0.02666666666666667,0.08421052631578947,0.0,0.03833943833943834,0.04159329140461216,0.015294117647058824,0.0250187265917603,0.027789473684210527,0.03805555555555556,0.0,0.1385185185185185,0.05076923076923077,0.0,0.04827956989247312,0.08130081300813008,0.034666666666666665,0.04666666666666667,0.017163120567375886,0.060572597137014315,0.0,0.020317460317460317,0.0216,0.051333333333333335,0.09851851851851852,0.0,0.14266666666666666,0.01782051282051282,0.065,0.0,0.06,0.09,0.11266666666666666
CTGAAGTGTCGAACAG-1-BCH01-L1,0.03916666666666667,0.0,0.0,0.09584859584859586,0.041257861635220126,0.019411764705882354,0.04119850187265917,0.03312280701754386,0.02361111111111111,0.0,0.0,0.0,0.0,0.29591397849462364,0.01813008130081301,0.03490909090909091,0.11159420289855072,0.018156028368794326,0.04474437627811861,0.0,0.050793650793650794,0.0512,0.06733333333333333,0.05555555555555555,0.0,0.0,0.044423076923076926,0.14416666666666667,0.0,0.0,0.0,0.03333333333333333
CTGATCCGTCAGGACA-1-BCH01-L1,0.0,0.0,0.0,0.020122100122100122,0.03576519916142558,0.16156862745098038,0.028164794007490637,0.025614035087719297,0.028333333333333332,0.0,0.09111111111111111,0.0,0.0,0.02967741935483871,0.03780487804878049,0.013696969696969697,0.035652173913043476,0.0,0.04196319018404908,0.0,0.0,0.0,0.028666666666666667,0.0,0.0,0.0,0.02403846153846154,0.04416666666666667,0.21,0.0,0.0,0.11466666666666667
CTGTGCTTCTGACCTC-1-BCH01-L1,0.020833333333333332,0.0,0.0,0.014993894993894995,0.04092243186582809,0.06490196078431372,0.024119850187265916,0.036421052631578944,0.09805555555555556,0.0,0.0,0.0,0.0,0.012365591397849462,0.0,0.0,0.0263768115942029,0.03304964539007092,0.025235173824130878,0.0,0.018095238095238095,0.02666666666666667,0.04555555555555556,0.08024691358024691,0.058095238095238096,0.0,0.020384615384615383,0.11791666666666667,0.0,0.1075,0.13333333333333333,0.0
CTTGGCTAGAAGGTGA-1-BCH01-L1,0.026458333333333334,0.0,0.0,0.029841269841269842,0.029853249475890985,0.04196078431372549,0.016779026217228463,0.041473684210526315,0.06305555555555556,0.0,0.08444444444444445,0.0,0.0,0.0,0.04552845528455285,0.029333333333333333,0.12927536231884057,0.0,0.03316973415132924,0.0,0.04126984126984127,0.028533333333333334,0.028444444444444446,0.0,0.0,0.0,0.021538461538461538,0.13291666666666666,0.0,0.0,0.0,0.07266666666666667
CTTTGCGAGCTTCGCG-1-BCH01-L1,0.0,0.0,0.0,0.035360195360195364,0.0630607966457023,0.1652941176470588,0.03707865168539326,0.020210526315789474,0.04611111111111111,0.0,0.0,0.0,0.0,0.04032258064516129,0.07130081300813008,0.06472727272727273,0.0,0.017872340425531916,0.06936605316973415,0.0,0.01634920634920635,0.0,0.05733333333333333,0.028888888888888888,0.0,0.0,0.03,0.19,0.0,0.08083333333333333,0.11333333333333333,0.063
CTTTGCGCAAACAACA-1-BCH01-L1,0.07604166666666666,0.024912280701754386,0.058333333333333334,0.10302808302808303,0.05651991614255765,0.055098039215686276,0.05393258426966292,0.05073684210526316,0.4197222222222222,0.0,0.0,0.03641025641025641,0.06787878787878789,0.02978494623655914,0.32528455284552843,0.05381818181818182,0.12231884057971014,0.014326241134751772,0.0567280163599182,0.10666666666666667,0.08095238095238096,0.07066666666666667,0.08044444444444444,0.0965432098765432,0.0,0.0,0.06019230769230769,0.11416666666666667,0.0,0.11416666666666667,0.09222222222222222,0.034666666666666665
GAAACTCTCAGCAACT-1-BCH01-NL1,0.0,0.0,0.0,0.01115995115995116,0.02830188679245283,0.15725490196078432,0.007340823970037453,0.022596491228070177,0.0675,0.0,0.0,0.0,0.0,0.014193548387096775,0.23422764227642276,0.015878787878787878,0.06492753623188406,0.0,0.04159509202453988,0.0,0.04079365079365079,0.0,0.0,0.02962962962962963,0.0,0.0,0.0,0.08541666666666667,0.0,0.0,0.0,0.104
GACTACAAGATCCGAG-1-BCH01-L1,0.0,0.0,0.0,0.018534798534798533,0.03018867924528302,0.04254901960784314,0.008239700374531835,0.017894736842105262,0.0,0.0,0.0,0.0,0.0,0.0,0.01764227642276423,0.014666666666666666,0.06927536231884059,0.0,0.04932515337423313,0.0,0.021904761904761906,0.0,0.0,0.03111111111111111,0.0,0.0,0.016666666666666666,0.09625,0.0,0.0,0.0,0.07433333333333333
GATCGATCAGCTTCGG-1-BCH01-L1,0.055625,0.02456140350877193,0.0,0.036483516483516484,0.05710691823899371,0.01392156862745098,0.08554307116104869,0.2945964912280702,0.03027777777777778,0.0,0.04962962962962963,0.035897435897435895,0.15333333333333332,0.013225806451612903,0.023658536585365854,0.030424242424242423,0.08231884057971015,0.011205673758865248,0.03423312883435583,0.0,0.0353968253968254,0.064,0.034,0.044444444444444446,0.0,0.12933333333333333,0.034102564102564105,0.05125,0.0,0.20916666666666667,0.07666666666666666,0.038
GCAAACTTCACTCTTA-1-BCH01-L1,0.070625,0.0,0.09333333333333334,0.027863247863247863,0.04025157232704402,0.0,0.01707865168539326,0.014526315789473684,0.05638888888888889,0.0,0.0,0.0,0.0,0.014731182795698924,0.008861788617886179,0.041939393939393936,0.03072463768115942,0.03304964539007092,0.043558282208588955,0.0,0.055396825396825396,0.0288,0.026222222222222223,0.0,0.05904761904761905,0.0,0.015128205128205128,0.08791666666666667,0.0,0.0,0.12777777777777777,0.034
GCGCAGTCAACTGGCC-1-BCH01-NL1,0.0,0.0,0.0,0.013724053724053725,0.03786163522012578,0.1323529411764706,0.008389513108614232,0.027228070175438598,0.035555555555555556,0.0,0.0,0.0,0.0,0.0,0.025609756097560974,0.026545454545454546,0.0,0.0,0.040858895705521474,0.0,0.0,0.0288,0.0,0.0,0.0,0.0,0.03064102564102564,0.14291666666666666,0.0,0.8383333333333334,0.0,0.07566666666666666
GGAAAGCGTGCTAGCC-1-BCH01-L1,0.028333333333333332,0.0,0.0,0.01120879120879121,0.020712788259958072,0.0,0.017977528089887642,0.0,0.0,0.0,0.0,0.062051282051282054,0.0,0.014731182795698924,0.01065040650406504,0.279030303030303,0.0,0.018865248226950355,0.019222903885480574,0.0,0.0,0.0,0.027777777777777776,0.06493827160493827,0.0,0.7133333333333334,0.026346153846153846,0.0,0.0,0.0,0.13111111111111112,0.03866666666666667
GGATGTTTCTCTAGGA-1-BCH01-L1,0.0,0.0,0.09083333333333334,0.021855921855921855,0.06138364779874214,0.024509803921568627,0.060823970037453184,0.04610526315789474,0.04583333333333333,0.0,0.0,0.0,0.0,0.024193548387096774,0.044471544715447155,0.03781818181818182,0.12579710144927536,0.0,0.030061349693251534,0.0,0.0,0.0576,0.04622222222222222,0.0,0.0,0.0,0.03435897435897436,0.085,0.0,0.0,0.0,0.02666666666666667
GGATTACAGAATTCCC-1-BCH01-L1,0.042708333333333334,0.0,0.08916666666666667,0.008327228327228327,0.03379454926624738,0.06215686274509804,0.017453183520599252,0.008280701754385965,0.03805555555555556,0.0,0.0,0.0,0.0,0.015161290322580645,0.010487804878048781,0.015636363636363636,0.0,0.017588652482269502,0.03656441717791411,0.0,0.0,0.02666666666666667,0.4391111111111111,0.06024691358024691,0.0,0.0,0.027756410256410256,0.14333333333333334,0.0,0.0,0.0,0.04533333333333334
GGCGACTAGCCAGGAT-1-BCH01-NL1,0.050625,0.0,0.1,0.01851037851037851,0.03958071278825996,0.08705882352941176,0.029138576779026218,0.017333333333333333,0.0961111111111111,0.0,0.0,0.05897435897435897,0.0,0.0,0.05585365853658537,0.028484848484848484,0.03710144927536232,0.03858156028368794,0.15411042944785275,0.0,0.01984126984126984,0.15946666666666667,0.0,0.0,0.0,0.0,0.031153846153846153,0.043333333333333335,0.0,0.0,0.12555555555555556,0.035
GGCGACTTCTTGTTTG-1-BCH01-L1,0.130625,0.04350877192982456,0.0,0.02283272283272283,0.04146750524109015,0.02803921568627451,0.05101123595505618,0.02919298245614035,0.052222222222222225,0.0,0.0,0.06358974358974359,0.0,0.23161290322580644,0.04178861788617886,0.03915151515151515,0.057391304347826085,0.0,0.058445807770961145,0.0,0.10968253968253969,0.08693333333333333,0.02688888888888889,0.02617283950617284,0.17809523809523808,0.0,0.021025641025641025,0.12666666666666668,0.0,0.15166666666666667,0.11222222222222222,0.029
GGGTTGCGTTATGTGC-1-BCH01-L1,0.025833333333333333,0.04350877192982456,0.0,0.018217338217338216,0.1670020964360587,0.8515686274509804,0.018576779026217228,0.031578947368421054,0.028888888888888888,0.0,0.0,0.07282051282051281,0.0,0.013333333333333334,0.06731707317073171,0.016606060606060607,0.0,0.03304964539007092,0.058936605316973416,0.0,0.019682539682539683,0.0,0.03155555555555556,0.0,0.0,0.0,0.03032051282051282,0.045,0.0,0.09083333333333334,0.1411111111111111,0.035666666666666666
GTACTTTCATGACGGA-1-BCH01-L1,0.27541666666666664,0.060350877192982454,0.05583333333333333,0.04910866910866911,0.04893081761006289,0.06450980392156863,0.03827715355805243,0.034736842105263156,0.012777777777777779,0.13333333333333333,0.04814814814814815,0.035897435897435895,0.0,0.012688172043010752,0.04691056910569106,0.013575757575757576,0.05304347826086957,0.7036879432624114,0.04993865030674847,0.0,0.04047619047619048,0.0384,0.044444444444444446,0.017777777777777778,0.04857142857142857,0.0,0.02519230769230769,0.07458333333333333,0.0,0.0,0.11666666666666667,0.05466666666666667
GTATCTTCAGCTCCGA-1-BCH01-L1,0.0,0.0,0.0,0.051526251526251524,0.03023060796645702,0.04490196078431372,0.028314606741573035,0.007157894736842105,0.028333333333333332,0.0,0.18296296296296297,0.0,0.0,0.02731182795698925,0.0508130081300813,0.014303030303030304,0.030434782608695653,0.01829787234042553,0.02,0.0,0.0,0.06346666666666667,0.026,0.0,0.0,0.0,0.008397435897435898,0.09708333333333333,0.0,0.09916666666666667,0.0,0.119
GTCATTTAGGATGGTC-1-BCH01-L1,0.023958333333333335,0.09824561403508772,0.0,0.11631257631257631,0.01610062893081761,0.0,0.008838951310861423,0.0,0.028333333333333332,0.4022222222222222,0.0,0.0,0.0,0.026881720430107527,0.03715447154471545,0.014424242424242424,0.028695652173913042,0.08226950354609928,0.014233128834355829,0.0,0.0,0.0312,0.026,0.031358024691358025,0.0,0.0,0.0,0.0,0.0,0.0,0.0,0.034
GTCATTTTCAAGCCTA-1-BCH01-L1,0.046875,0.0,0.095,0.01785103785103785,0.010817610062893081,0.0,0.037303370786516854,0.025543859649122806,0.027777777777777776,0.0,0.0,0.0,0.0,0.0,0.019105691056910568,0.02775757575757576,0.0,0.016170212765957447,0.03427402862985685,0.0,0.018095238095238095,0.05946666666666667,0.051111111111111114,0.0,0.0,0.0,0.05730769230769231,0.09708333333333333,0.0,0.0,0.0,0.0
GTCTTCGTCTACTTAC-1-BCH01-NL1,0.0,0.0,0.0,0.013455433455433456,0.03727463312368973,0.09215686274509804,0.025243445692883896,0.03691228070175439,0.05416666666666667,0.0,0.09703703703703703,0.06256410256410257,0.0,0.0,0.03609756097560975,0.04496969696969697,0.06492753623188406,0.01475177304964539,0.046012269938650305,0.0,0.03746031746031746,0.0,0.0,0.03037037037037037,0.0,0.37066666666666664,0.023269230769230768,0.12833333333333333,0.20833333333333334,0.0,0.0,0.15033333333333335
GTGCATACATGTCCTC-1-BCH01-NL1,0.023333333333333334,0.0,0.0,0.07538461538461538,0.014381551362683438,0.0,0.027715355805243445,0.14666666666666667,0.029166666666666667,0.0,0.0,0.06461538461538462,0.0,0.04096774193548387,0.01959349593495935,0.014666666666666666,0.1701449275362319,0.0,0.02556237218813906,0.0,0.017777777777777778,0.030933333333333334,0.052,0.06419753086419754,0.0,0.0,0.0,0.0925,0.0,0.0,0.0,0.0
GTTAAGCAGCTAAGAT-1-BCH01-L1,0.027291666666666665,0.0,0.0,0.02332112332112332,0.01932914046121593,0.0,0.008689138576779026,0.024280701754385965,0.028333333333333332,0.0,0.08,0.0,0.0,0.04086021505376344,0.03747967479674797,0.2052121212121212,0.03159420289855072,0.015886524822695036,0.018773006134969326,0.0,0.0,0.030933333333333334,0.050222222222222224,0.027407407407407408,0.06952380952380953,0.0,0.00891025641025641,0.044583333333333336,0.24333333333333335,0.0,0.0,0.036
GTTAAGCCATCACGTA-1-BCH01-L1,0.025208333333333333,0.04596491228070176,0.0,0.018925518925518924,0.03161425576519916,0.0,0.009063670411985018,0.025473684210526315,0.10111111111111111,0.0,0.09037037037037036,0.0,0.0,0.0278494623655914,0.010894308943089431,0.032363636363636365,0.07014492753623189,0.0,0.025848670756646215,0.0,0.04206349206349207,0.0344,0.0,0.030617283950617285,0.062380952380952384,0.0,0.02487179487179487,0.09833333333333333,0.0,0.0,0.0,0.079
TATCTCACACCAGATT-1-BCH01-L1,0.07395833333333333,0.0,0.0,0.02678876678876679,0.004570230607966457,0.0,0.007640449438202248,0.01887719298245614,0.02722222222222222,0.0,0.0,0.0,0.0,0.0,0.016747967479674795,0.016727272727272726,0.028115942028985506,0.144822695035461,0.0,0.0,0.0,0.0,0.025555555555555557,0.028395061728395062,0.0,0.0,0.0,0.0,0.0,0.0,0.0,0.066
TATCTCAGTAAACCTC-1-BCH01-L1,0.0,0.0,0.0,0.025763125763125762,0.021844863731656186,0.0,0.035955056179775284,0.03747368421052632,0.06527777777777778,0.0,0.0,0.0,0.0,0.0,0.052113821138211384,0.04654545454545454,0.03797101449275362,0.0,0.046380368098159507,0.0,0.0,0.10293333333333334,0.027555555555555555,0.8871604938271604,0.0,0.0,0.03262820512820513,0.0475,0.0,0.0,0.12666666666666668,0.0
TATGCCCCACCAGGTC-1-BCH01-NL1,0.022083333333333333,0.0,0.0,0.008498168498168498,0.04138364779874214,0.09490196078431372,0.01850187265917603,0.02407017543859649,0.09305555555555556,0.0,0.8725925925925926,0.0,0.0,0.0,0.06414634146341464,0.04460606060606061,0.03246376811594203,0.0,0.04699386503067485,0.0,0.0,0.0,0.056666666666666664,0.05703703703703704,0.0,0.0,0.007756410256410257,0.0875,0.0,0.0,0.0,0.8443333333333334
TCACAAGAGACAATAC-1-BCH01-L1,0.016458333333333332,0.056842105263157895,0.06583333333333333,0.11091575091575091,0.27060796645702306,0.05568627450980392,0.0701123595505618,0.06575438596491229,0.012222222222222223,0.0,0.03851851851851852,0.08153846153846153,0.4393939393939394,0.006129032258064516,0.015853658536585366,0.03793939393939394,0.019420289855072465,0.021843971631205675,0.04548057259713702,0.0,0.016031746031746032,0.030133333333333335,0.09355555555555556,0.013827160493827161,0.0,0.0,0.038141025641025644,0.10666666666666667,0.0,0.045,0.14888888888888888,0.08966666666666667
TCCCGATTCCGCAGTG-1-BCH01-NL1,0.0,0.0431578947368421,0.0,0.02029304029304029,0.03786163522012578,0.021568627450980392,0.03573033707865168,0.006807017543859649,0.1225,0.0,0.0,0.0,0.07454545454545454,0.0,0.051626016260162604,0.012727272727272728,0.0,0.05418439716312057,0.029161554192229037,0.0,0.0,0.0,0.06488888888888888,0.0,0.0,0.0,0.0,0.052083333333333336,0.0,0.09166666666666666,0.13111111111111112,0.03333333333333333
TCGCGTTTCTAACTGG-1-BCH01-L1,0.022291666666666668,0.0,0.0,0.02227106227106227,0.01090146750524109,0.01568627450980392,0.00599250936329588,0.022175438596491227,0.020555555555555556,0.7722222222222223,0.0,0.0,0.0,0.013655913978494624,0.07601626016260163,0.0,0.06115942028985507,0.0825531914893617,0.012474437627811861,0.0,0.0,0.06293333333333333,0.0,0.03037037037037037,0.0,0.0,0.027756410256410256,0.0,0.0,0.0,0.0,0.05633333333333333
TCTGAGAAGCTGAAAT-1-BCH01-NL1,0.0,0.0,0.0,0.01750915750915751,0.05060796645702306,0.16607843137254902,0.009812734082397004,0.023578947368421053,0.058611111111111114,0.0,0.0,0.0,0.0,0.0,0.027073170731707317,0.0,0.0327536231884058,0.0,0.048139059304703476,0.0,0.01904761904761905,0.09546666666666667,0.0,0.03185185185185185,0.0,0.0,0.02403846153846154,0.09083333333333334,0.0,0.11916666666666667,0.0,0.11233333333333333
TGACTTTAGAAACCTA-1-BCH01-L1,0.019166666666666665,0.08526315789473685,0.0,0.02673992673992674,0.04331236897274633,0.1223529411764706,0.03243445692883895,0.019087719298245615,0.02361111111111111,0.0,0.0,0.0,0.07151515151515152,0.014086021505376344,0.03235772357723577,0.024363636363636365,0.08463768115942029,0.012907801418439717,0.05288343558282209,0.0,0.051111111111111114,0.11946666666666667,0.02311111111111111,0.050617283950617285,0.11142857142857143,0.0,0.03512820512820513,0.13208333333333333,0.0,0.0,0.1288888888888889,0.057666666666666665
TGAGGGAAGCTAACTC-1-BCH01-L1,0.04875,0.0,0.0,0.08307692307692308,0.0779874213836478,0.08137254901960785,0.05917602996254682,0.18870175438596493,0.07222222222222222,0.0,0.0,0.0,0.0,0.02258064516129032,0.06845528455284552,0.04436363636363636,0.1310144927536232,0.030070921985815603,0.0494478527607362,0.0,0.04111111111111111,0.0848,0.06911111111111111,0.09135802469135802,0.0,0.0,0.05307692307692308,0.03875,0.0,0.07833333333333334,0.3877777777777778,0.085
TGGCTGGCAGGTCTCG-1-BCH01-L1,0.07270833333333333,0.7578947368421053,0.0,0.056312576312576315,0.056184486373165615,0.057058823529411766,0.09595505617977527,0.04673684210526316,0.009444444444444445,0.0,0.07333333333333333,0.3630769230769231,0.1315151515151515,0.38946236559139785,0.03813008130081301,0.2406060606060606,0.0336231884057971,0.019148936170212766,0.03631901840490798,0.0,0.15714285714285714,0.06773333333333334,0.05711111111111111,0.04469135802469136,0.5576190476190476,0.0,0.04608974358974359,0.10666666666666667,0.0,0.041666666666666664,0.051111111111111114,0.04566666666666667
TGGTTAGCATGTAAGA-1-BCH01-L1,0.014375,0.04456140350877193,0.0,0.027936507936507936,0.048469601677148845,0.0,0.046741573033707864,0.026245614035087718,0.1,0.0,0.06592592592592593,0.11897435897435897,0.07575757575757576,0.03881720430107527,0.03943089430894309,0.06957575757575758,0.08898550724637681,0.016879432624113476,0.05439672801635992,0.0,0.03380952380952381,0.0232,0.049777777777777775,0.06962962962962962,0.19857142857142857,0.0,0.05923076923076923,0.1425,0.8733333333333333,0.07,0.3011111111111111,0.096
TGTTCCGCATCTCCCA-1-BCH01-L1,0.044375,0.0,0.0,0.01628815628815629,0.028763102725366876,0.0,0.08359550561797753,0.03831578947368421,0.02638888888888889,0.0,0.0,0.06666666666666667,0.0,0.011827956989247311,0.050487804878048784,0.02812121212121212,0.1336231884057971,0.0,0.037791411042944784,0.0,0.29523809523809524,0.03253333333333333,0.07244444444444445,0.08617283950617284,0.0,0.0,0.025897435897435896,0.09,0.0,0.0,0.0,0.0
TGTTCCGGTCTAGTGT-1-BCH01-L1,0.06041666666666667,0.0,0.0,0.030134310134310133,0.02930817610062893,0.0,0.03153558052434457,0.020982456140350877,0.085,0.22666666666666666,0.0,0.06102564102564102,0.0,0.0556989247311828,0.030894308943089432,0.04290909090909091,0.051014492753623186,0.08567375886524822,0.024539877300613498,0.0,0.014444444444444444,0.024533333333333334,0.026444444444444444,0.08098765432098766,0.05714285714285714,0.0,0.005897435897435898,0.0775,0.0,0.0,0.10222222222222223,0.028666666666666667
TTAGGACTCACTTCAT-1-BCH01-L1,0.105625,0.0,0.0,0.03763125763125763,0.042348008385744235,0.0,0.03977528089887641,0.04919298245614035,0.05555555555555555,0.0,0.07333333333333333,0.06,0.0,0.05193548387096774,0.02853658536585366,0.05963636363636363,0.07188405797101449,0.0,0.05100204498977505,0.0,0.06111111111111111,0.030666666666666665,0.07466666666666667,0.025185185185185185,0.05761904761904762,0.0,0.022564102564102566,0.08083333333333333,0.0,0.0,0.12,0.033
TTATGCTTCTACTCAT-1-BCH01-L1,0.08208333333333333,0.0,0.08166666666666667,0.034114774114774114,0.027882599580712788,0.0,0.03535580524344569,0.05073684210526316,0.07666666666666666,0.0,0.0,0.06974358974358974,0.0,0.03881720430107527,0.01894308943089431,0.07975757575757576,0.08463768115942029,0.05035460992907802,0.026993865030674847,0.0,0.04746031746031746,0.0,0.0,0.024444444444444446,0.0,0.0,0.015576923076923077,0.19666666666666666,0.0,0.0,0.23222222222222222,0.06233333333333333
TTGGCAACAATGCCAT-1-BCH01-L1,0.0,0.0,0.0,0.018070818070818073,0.030524109014675053,0.0696078431372549,0.008614232209737827,0.03571929824561403,0.030833333333333334,0.0,0.0,0.06769230769230769,0.0,0.013655913978494624,0.06040650406504065,0.01806060606060606,0.035072463768115944,0.0,0.02,0.0,0.0,0.0,0.056666666666666664,0.03160493827160494,0.0,0.0,0.02608974358974359,0.049166666666666664,0.0,0.1,0.0,0.03866666666666667
TTGTAGGCAGATGGCA-1-BCH01-L1,0.0225,0.0,0.0,0.019584859584859584,0.04180293501048218,0.023333333333333334,0.02898876404494382,0.020701754385964912,0.07388888888888889,0.10555555555555556,0.17037037037037037,0.0,0.0,0.023440860215053764,0.31845528455284555,0.0,0.05710144927536232,0.03858156028368794,0.011247443762781187,0.0,0.03492063492063492,0.08773333333333333,0.026222222222222223,0.05308641975308642,0.0,0.0,0.052307692307692305,0.03791666666666667,0.0,0.075,0.24333333333333335,0.16233333333333333
