regime,rep,auc0,S_auc,S_depth
Independence,0,0.9297333333333333,0.05013333333333325,0.24363928458998374
Independence,1,0.9001333333333333,0.0935999999999999,0.22521725446963964
Independence,2,0.8677333333333334,0.05453333333333332,0.1406187835506414
Independence,3,0.8642666666666666,0.07093333333333329,0.3787910499859514
Independence,4,0.9026666666666667,0.10799999999999987,0.21029756836480046
Independence,5,0.8136,0.04133333333333339,0.176201342429244
Independence,6,0.7866666666666666,0.12813333333333315,0.35106561192929103
Independence,7,0.8533333333333333,0.1342666666666667,0.30722907205840766
Independence,8,0.8354666666666667,0.05306666666666665,0.33265119414794475
Independence,9,0.9014666666666666,0.03306666666666669,0.2208648344703515
Independence,10,0.8409333333333333,0.02226666666666688,0.17791157503091803
Independence,11,0.8523999999999999,0.036000000000000254,0.20859035021585404
Independence,12,0.8006666666666667,0.02106666666666651,0.1635789543212966
Independence,13,0.8498666666666667,0.18533333333333318,0.44378500922339836
Independence,14,0.8869333333333334,0.05106666666666665,0.15169200759570267
Independence,15,0.9331999999999999,0.09333333333333349,0.17254969425717692
Independence,16,0.8579999999999999,0.14760000000000018,0.24716676469274668
Independence,17,0.8019999999999999,0.08453333333333324,0.14646501292555275
Independence,18,0.8721333333333333,0.08213333333333339,0.136135177220012
Independence,19,0.8430666666666666,0.06706666666666661,0.1874269594763711
Independence,20,0.8832,0.07919999999999994,0.2506429196031616
Independence,21,0.8510666666666667,0.09306666666666652,0.19024439141288008
Independence,22,0.8922666666666667,0.09173333333333344,0.3278332944254023
Independence,23,0.9272,0.06693333333333307,0.19883863086297393
Independence,24,0.8442666666666666,0.1956000000000001,0.4210954626749563
Independence,25,0.8813333333333333,0.027200000000000002,0.14451780064846448
Independence,26,0.842,0.09586666666666677,0.26609220950505263
Independence,27,0.8985333333333333,0.021599999999999953,0.2518734495012872
Independence,28,0.8962666666666667,0.09666666666666668,0.3061985813044458
Independence,29,0.8582666666666666,0.049733333333333185,0.24401857469687277
Independence,30,0.8884000000000001,0.03706666666666658,0.06611471658628032
Independence,31,0.8565333333333334,0.0709333333333334,0.10968544534580232
Independence,32,0.8692,0.051866666666666617,0.10116938014194654
Independence,33,0.8473333333333334,0.026666666666666783,0.24089550571363427
Independence,34,0.8093333333333333,0.06573333333333353,0.19544727525170857
Independence,35,0.8442666666666666,0.057200000000000084,0.1981211903390157
Independence,36,0.8610666666666666,0.14106666666666662,0.4230951905956747
Independence,37,0.8789333333333332,0.04933333333333345,0.058110613029279334
Independence,38,0.8897333333333333,0.14640000000000014,0.32882885562529746
Independence,39,0.8342666666666665,0.055333333333333456,0.18936308006385366
Independence,40,0.8853333333333333,0.05120000000000002,0.19492703611187162
Independence,41,0.8844,0.061866666666666736,0.2402460683719816
Independence,42,0.8241333333333334,0.09053333333333324,0.1431143758910584
Independence,43,0.8277333333333334,0.09746666666666648,0.2553959328768067
Independence,44,0.8754666666666666,0.14986666666666681,0.4570756792103102
Independence,45,0.9002666666666667,0.08440000000000014,0.20031897512946784
Independence,46,0.8164,0.029333333333333433,0.0756936169722972
Independence,47,0.8268,0.057066666666666765,0.12309648597005862
Independence,48,0.9003999999999999,0.05160000000000009,0.1590430335787404
Independence,49,0.858,0.08373333333333333,0.15343402099711378
Redundancy,0,0.9462666666666666,0.6482666666666669,1.0952260665397782
Redundancy,1,0.9356,0.40359999999999996,0.6184446676381641
Redundancy,2,0.9097333333333333,0.3888,0.6378028972491863
Redundancy,3,0.9505333333333333,0.40493333333333337,0.5492471580396083
Redundancy,4,0.8642666666666666,0.37613333333333343,0.6717038020438253
Redundancy,5,0.8737333333333334,0.29813333333333314,0.3686434889888272
Redundancy,6,0.9325333333333333,0.2334666666666665,0.3212490772589609
Redundancy,7,0.8952,0.4717333333333332,0.762005820409729
Redundancy,8,0.8480000000000001,0.42359999999999987,0.6397976213822357
Redundancy,9,0.9021333333333332,0.39986666666666676,0.6074081531495708
Redundancy,10,0.8985333333333333,0.4521333333333334,0.692301727069462
Redundancy,11,0.9073333333333333,0.39959999999999996,0.5214533958193753
Redundancy,12,0.8976,0.5062666666666666,0.8384612033148124
Redundancy,13,0.8566666666666667,0.29213333333333324,0.41412913176549065
Redundancy,14,0.9262666666666667,0.3621333333333332,0.43177789486837126
Redundancy,15,0.9271999999999999,0.46240000000000014,0.7112077475093147
Redundancy,16,0.9334666666666667,0.2958666666666667,0.40461957921496083
Redundancy,17,0.9345333333333333,0.42600000000000005,0.6088884066325115
Redundancy,18,0.8817333333333334,0.34253333333333325,0.4767926646031848
Redundancy,19,0.9162666666666666,0.4498666666666668,0.6871414669585834
Redundancy,20,0.9138666666666667,0.35906666666666653,0.5054657020794343
Redundancy,21,0.9318666666666666,0.4290666666666666,0.6774336095984876
Redundancy,22,0.8838666666666666,0.5358666666666668,0.9052501898470353
Redundancy,23,0.8996,0.2772,0.3701605054885888
Redundancy,24,0.8755999999999999,0.36053333333333326,0.5003443860381367
Redundancy,25,0.9002666666666667,0.3196,0.47499445084982217
Redundancy,26,0.9105333333333333,0.3250666666666666,0.4493464953770725
Redundancy,27,0.8846666666666667,0.3490666666666665,0.557963969160033
Redundancy,28,0.9050666666666667,0.33786666666666665,0.47237933603050863
Redundancy,29,0.9306666666666668,0.26973333333333327,0.39963823745639937
Redundancy,30,0.8309333333333333,0.44173333333333337,0.8725515810800204
Redundancy,31,0.9042666666666667,0.3618666666666668,0.4730543423832184
Redundancy,32,0.8901333333333333,0.4054666666666667,0.6193949335930156
Redundancy,33,0.9277333333333333,0.47253333333333314,0.6035078103557007
Redundancy,34,0.8990666666666667,0.3455999999999999,0.47141148222077
Redundancy,35,0.9037333333333334,0.4369333333333333,0.6075442218614931
Redundancy,36,0.9119999999999999,0.37893333333333346,0.5451282353941506
Redundancy,37,0.9303999999999999,0.47786666666666666,0.7225500160615318
Redundancy,38,0.9009333333333333,0.3810666666666668,0.7089991920785009
Redundancy,39,0.8881333333333332,0.28733333333333344,0.32213519313073036
Redundancy,40,0.9464,0.36639999999999995,0.49395669838113665
Redundancy,41,0.9136,0.38746666666666674,0.5606414267177378
Redundancy,42,0.9233333333333333,0.1723999999999999,0.21164025930571084
Redundancy,43,0.9406666666666667,0.40613333333333335,0.5214068351462438
Redundancy,44,0.9194666666666665,0.3866666666666666,0.5945127658515561
Redundancy,45,0.8781333333333333,0.4106666666666667,0.6353386773841453
Redundancy,46,0.8864,0.45613333333333334,0.6949256166539608
Redundancy,47,0.9138666666666666,0.48706666666666676,0.8191969614857396
Redundancy,48,0.9242666666666666,0.4785333333333335,0.6580920998633849
Redundancy,49,0.9194666666666667,0.3388000000000002,0.4637823974837506
Complementarity,0,0.9174666666666667,-0.04679999999999995,0.11578959756083429
Complementarity,1,0.9045333333333333,-0.06653333333333333,0.007294491429207017
Complementarity,2,0.8693333333333334,-0.06906666666666661,0.0046448225840823865
Complementarity,3,0.8634666666666667,-0.09426666666666661,0.09096998880556506
Complementarity,4,0.9029333333333334,-0.08093333333333341,0.07877719471278755
Complementarity,5,0.8117333333333334,-0.04973333333333346,0.029015189380772965
Complementarity,6,0.7944,-0.013866666666666638,0.06638250297642656
Complementarity,7,0.8503999999999999,0.03146666666666681,0.1756061431482877
Complementarity,8,0.8308,-0.0853333333333332,0.11821411389887371
Complementarity,9,0.8952,-0.07306666666666661,0.12477079729167789
Complementarity,10,0.8368,-0.05133333333333323,0.05314060918718766
Complementarity,11,0.8479999999999999,-0.03293333333333304,0.13561774784339725
Complementarity,12,0.794,-0.03199999999999997,0.10037137989632106
Complementarity,13,0.8481333333333333,0.027600000000000124,0.20424022177785217
Complementarity,14,0.8897333333333333,-0.016133333333333277,0.0368193974927532
Complementarity,15,0.9310666666666667,0.02386666666666659,0.12961767716197303
Complementarity,16,0.8549333333333333,0.032533333333333414,0.11897392329196355
Complementarity,17,0.8181333333333334,-0.010266666666666757,0.06703719757728904
Complementarity,18,0.8670666666666667,-0.10999999999999999,-0.027962489907436328
Complementarity,19,0.8293333333333333,0.021733333333333382,0.14890283688681094
Complementarity,20,0.8817333333333333,-0.03506666666666669,0.0984394687930158
Complementarity,21,0.854,0.0338666666666666,0.13233106086718238
Complementarity,22,0.8862666666666666,-0.06533333333333324,0.17543404681070807
Complementarity,23,0.9204,-0.05253333333333343,0.12064168463681174
Complementarity,24,0.8385333333333332,-0.011066666666666558,0.1808746914516196
Complementarity,25,0.8773333333333333,-0.034266666666666556,0.06726729762142536
Complementarity,26,0.8418666666666667,-0.026533333333333298,0.11097621603539343
Complementarity,27,0.8974666666666666,-0.05346666666666655,0.006765851792558175
Complementarity,28,0.8945333333333333,0.008799999999999919,0.2441773603029629
Complementarity,29,0.8622666666666667,-0.09320000000000017,0.06569135282112182
Complementarity,30,0.8893333333333333,-0.033466666666666534,0.05371770854229441
Complementarity,31,0.8552,-0.04226666666666645,-0.0065093410173416855
Complementarity,32,0.8649333333333333,-0.0438666666666665,0.04665110310443493
Complementarity,33,0.8588,-0.0938666666666666,0.01781178770284708
Complementarity,34,0.8330666666666666,-0.03533333333333322,0.08817898051688566
Complementarity,35,0.8414666666666667,-0.04293333333333332,0.02959315302265153
Complementarity,36,0.8588,-0.02893333333333331,0.16227264465391356
Complementarity,37,0.8792,-0.08026666666666671,-0.09204759952376218
Complementarity,38,0.8890666666666667,0.036133333333333295,0.2176403277694025
Complementarity,39,0.8225333333333333,-0.05933333333333324,0.06858530180223582
Complementarity,40,0.8797333333333333,-0.034399999999999875,0.10454105087799659
Complementarity,41,0.8950666666666667,-0.025200000000000222,0.17504360327693003
Complementarity,42,0.8208,-0.035733333333333284,-0.01627470654021468
Complementarity,43,0.8300000000000001,-0.007600000000000051,0.09049334422486854
Complementarity,44,0.8738666666666667,-0.04293333333333327,0.06209595291359671
Complementarity,45,0.8993333333333333,-0.05159999999999987,0.12950702741855502
Complementarity,46,0.8274666666666666,-0.07573333333333321,-0.10272028829097679
Complementarity,47,0.8650666666666667,-0.07679999999999992,-0.0723138034750197
Complementarity,48,0.9150666666666667,-0.053066666666666706,0.08684346120484177
Complementarity,49,0.8610666666666666,-0.020000000000000018,0.08516254083084918
